id,name,symbol,quantity,percentageChange,change,price,previousClose,high,low,lastTradedTime,issueDate,turnover,sharevolume,tradevolume,marketCap,marketCapPercentage,open,closingPrice,crossingVolume,crossingTradeVol,status,Scrape_time,Date
204,ABANS ELECTRICALS PLC,ABAN.N0000,1,-0.5458515283842795,-1.25,227.75,229.0,229.0,224.0,1727080562104,01/JAN/1984,53074.0,233,9,1163930040.0,0.0,227.0,227.75,233,9,0,2024-09-23 22:54:45.355034,2024-09-24
1845,ABANS FINANCE PLC,AFSL.N0000,732,2.5,0.5,20.5,20.0,20.5,19.5,1727068944505,27/JUN/2011,215175.0,10982,7,1510710005.5,0.0,19.8,20.5,10982,7,3,2024-09-23 22:54:45.355034,2024-09-24
2065,ACCESS ENGINEERING PLC,AEL.N0000,1,0.9615384615384616,0.2,21.0,20.8,21.0,19.4,1727081885364,27/MAR/2012,19067650.1,937280,310,21000000000.0,0.0,20.9,21.0,937280,310,0,2024-09-23 22:54:45.355034,2024-09-24
472,ACL CABLES PLC,ACL.N0000,2000,0.8883248730964467,0.7,79.5,78.8,80.3,77.0,1727081699165,01/JAN/1976,11621203.9,145887,107,19046190240.0,0.0,78.0,79.5,145887,107,0,2024-09-23 22:54:45.355034,2024-09-24
406,ACL PLASTICS PLC,APLA.N0000,19,1.625,6.5,406.5,400.0,410.0,399.5,1727080985105,05/APR/1995,349939.5,870,14,1712381250.0,0.0,410.0,406.5,870,14,0,2024-09-23 22:54:45.355034,2024-09-24
554,ACME PRINTING & PACKAGING PLC,ACME.N0000,15,-2.0,-0.1,4.9,5.0,5.0,4.8,1727079094995,01/JAN/1956,122879.5,25409,12,465500000.0,0.0,4.8,4.9,25409,12,1,2024-09-23 22:54:45.355034,2024-09-24
163,AGALAWATTE  PLANTATIONS  PLC,AGAL.N0000,1469,-1.5873015873015872,-0.5,31.0,31.5,31.9,30.7,1727078878430,22/JAN/1996,100793.8,3255,10,4843750000.0,0.0,31.0,31.0,3255,10,0,2024-09-23 22:54:45.355034,2024-09-24
2026,AGSTAR PLC,AGST.N0000,1000,-1.3888888888888888,-0.1,7.1,7.2,7.2,7.0,1727081960786,16/FEB/2012,2750069.8,388734,76,3275155201.5,0.0,7.1,7.1,388734,76,2,2024-09-23 22:54:45.355034,2024-09-24
144,AITKEN SPENCE HOTEL HOLDINGS PLC,AHUN.N0000,150,2.260869565217391,1.3,58.8,57.5,60.0,58.5,1727081438556,01/JAN/1980,361978.2,6158,17,19773852588.0,0.0,60.0,58.8,6158,17,0,2024-09-23 22:54:45.355034,2024-09-24
343,AITKEN SPENCE PLC,SPEN.N0000,250,3.930131004366812,4.5,119.0,114.5,120.0,112.0,1727081463674,01/JAN/1983,871684.0,7574,26,48313529355.0,0.0,114.0,119.0,7574,26,0,2024-09-23 22:54:45.355034,2024-09-24
395,ALLIANCE FINANCE COMPANY PLC,ALLI.N0000,100,0.9803921568627451,1.0,103.0,102.0,105.0,100.0,1727076081434,01/JAN/1959,290827.5,2859,20,3470688000.0,0.0,102.25,103.0,2859,20,0,2024-09-23 22:54:45.355034,2024-09-24
5511,ALPHA FIRE SERVICES PLC,AFS.N0000,138,7.462686567164179,0.5,7.2,6.7,7.2,7.2,1727081471806,,2023.2,281,3,273240000.0,0.0,7.2,7.2,281,3,5,2024-09-23 22:54:45.355034,2024-09-24
3082,ALUMEX PLC,ALUM.N0000,1,2.727272727272727,0.3,11.3,11.0,11.5,10.6,1727078929532,31/MAR/2014,769370.2,69920,29,6764244184.0,0.0,11.0,11.3,69920,29,2,2024-09-23 22:54:45.355034,2024-09-24
3046,AMANA BANK PLC,ABL.N0000,10000,3.7735849056603774,0.8,22.0,21.2,22.0,21.0,1727081867239,29/JAN/2014,1584852.3,72752,29,12124766412.0,0.0,21.0,22.0,72752,29,0,2024-09-23 22:54:45.355034,2024-09-24
364,AMANA TAKAFUL PLC,ATL.N0000,150,-1.7094017094017093,-0.2,11.5,11.7,11.5,11.5,1727081894278,27/NOV/2006,2875.0,250,2,2341752394.5,0.0,11.5,11.5,250,2,2,2024-09-23 22:54:45.355034,2024-09-24
2145,AMBEON CAPITAL PLC,TAP.N0000,11950,4.3478260869565215,0.5,12.0,11.5,12.0,11.5,1727081953694,17/MAY/2012,518412.0,43401,15,12032697780.0,0.0,11.5,12.0,43401,15,2,2024-09-23 22:54:45.355034,2024-09-24
121,AMBEON HOLDINGS PLC,GREG.N0000,467,2.7989821882951653,1.1,40.4,39.3,40.8,39.2,1727081977523,01/JAN/1970,79877.4,2000,15,14417534506.4,0.0,39.2,40.4,2000,15,2,2024-09-23 22:54:45.355034,2024-09-24
2025,ASIA ASSET FINANCE PLC,AAF.N0000,30,-6.923076923076923,-0.9,12.1,13.0,12.8,12.0,1727081700798,12/JAN/2012,24692.2,2040,7,1502765949.3,0.0,12.8,12.1,2040,7,0,2024-09-23 22:54:45.355034,2024-09-24
160,ASIA CAPITAL PLC,ACAP.N0000,563,-3.0303030303030303,-0.1,3.2,3.3,3.3,3.2,1727068363728,22/SEP/1994,9123.4,2832,5,420255984.0,0.0,3.3,3.2,2832,5,1,2024-09-23 22:54:45.355034,2024-09-24
2209,ASIA SIYAKA COMMODITIES LIMITED,ASIY.N0000,1000,4.761904761904762,0.2,4.4,4.2,4.6,4.1,1727080865535,12/SEP/2012,568798.8,128629,26,1144000000.0,0.0,4.3,4.4,128629,26,2,2024-09-23 22:54:45.355034,2024-09-24
143,ASIAN HOTELS AND PROPERTIES PLC,AHPL.N0000,1000,-0.5681818181818182,-0.3,52.5,52.8,52.5,52.5,1727066790178,30/JAN/2004,55125.0,1050,2,23245703250.0,0.0,52.5,52.5,1050,2,0,2024-09-23 22:54:45.355034,2024-09-24
240,ASIRI SURGICAL HOSPITAL PLC,AMSL.N0000,732,1.8018018018018018,0.2,11.3,11.1,11.4,11.0,1727081725935,12/NOV/2004,24169.9,2163,10,5971570258.5,0.0,11.0,11.3,2163,10,1,2024-09-23 22:54:45.355034,2024-09-24
225,ASIRI HOSPITAL HOLDINGS PLC,ASIR.N0000,30,-2.978723404255319,-0.7,22.8,23.5,23.5,22.8,1727081972935,01/JUN/1986,608351.0,26541,57,25935765988.8,0.0,23.5,22.8,26541,57,1,2024-09-23 22:54:45.355034,2024-09-24
1844,ASSOCIATED MOTOR FINANCE COMPANY PLC,AMF.N0000,951,4.219409282700422,1.0,24.7,23.7,25.3,23.1,1727081463991,23/JUN/2011,8573143.6,355038,92,2799183519.6,0.0,23.4,24.7,355038,92,2,2024-09-23 22:54:45.355034,2024-09-24
5753,Agarapatana Plantations PLC,AGPL.N0000,5749,-1.36986301369863,-0.1,7.2,7.3,7.3,7.1,1727075167091,04/SEP/2023,170382.8,23662,15,3600000000.0,0.0,7.3,7.2,23662,15,2,2024-09-23 22:54:45.355034,2024-09-24
3794,B P P L HOLDINGS PLC,BPPL.N0000,3,0.0,0.0,17.8,17.8,18.0,17.8,1727075287522,04/APR/2017,55324.0,3103,7,5461811754.6,0.0,17.8,17.8,3103,7,2,2024-09-23 22:54:45.355034,2024-09-24
188,BAIRAHA FARMS PLC,BFL.N0000,176,0.48465266558966075,0.75,155.5,154.75,156.0,154.0,1727074496335,05/DEC/1994,1939770.75,12505,26,2736800000.0,0.0,154.75,155.5,12505,26,0,2024-09-23 22:54:45.355034,2024-09-24
193,BALANGODA  PLANTATIONS  PLC,BALA.N0000,20000,2.9978586723768736,1.4,48.1,46.7,48.4,46.2,1727081960924,03/JUN/1998,2059209.9,42775,28,2273818120.6,0.0,47.8,48.1,42775,28,0,2024-09-23 22:54:45.355034,2024-09-24
3080,BANSEI ROYAL RESORTS HIKKADUWA PLC,BRR.N0000,16,0.746268656716418,0.1,13.5,13.4,13.7,13.5,1727078623931,27/MAR/2014,53815.7,3975,4,725328000.0,0.0,13.6,13.5,3975,4,2,2024-09-23 22:54:45.355034,2024-09-24
2188,BERUWALA RESORTS PLC,BERU.N0000,778,3.7037037037037037,0.1,2.8,2.7,2.8,2.6,1727081846642,04/JUL/2012,106002.8,39691,21,1961524026.0,0.0,2.8,2.8,39691,21,2,2024-09-23 22:54:45.355034,2024-09-24
135,BLUE DIAMONDS JEWELLERY WORLDWIDE PLC,BLUE.N0000,9,33.333333333333336,0.1,0.4,0.3,0.4,0.3,1727081906439,31/MAR/1992,59358.0,164395,13,279809720.0,0.0,0.3,0.4,164395,13,1,2024-09-23 22:54:45.355034,2024-09-24
301,BLUE DIAMONDS JEWELLERY WORLDWIDE PLC,BLUE.X0000,11,0.0,0.0,0.3,0.3,0.3,0.3,1727081178322,31/MAR/1992,393.6,1312,3,67793014.2,0.0,0.3,0.3,1312,3,1,2024-09-23 22:54:45.355034,2024-09-24
189,BOGALA GRAPHITE LANKA PLC,BOGA.N0000,1,0.19230769230769232,0.1,52.1,52.0,52.5,51.7,1727081960514,08/MAY/1992,104287.1,2005,16,4930374298.4,0.0,52.0,52.1,2005,16,2,2024-09-23 22:54:45.355034,2024-09-24
34,BOGAWANTALAWA TEA ESTATES PLC,BOPL.N0000,652,0.28653295128939826,0.1,35.0,34.9,35.0,34.9,1727077158887,08/DEC/1995,103105.6,2946,7,2931250000.0,0.0,34.9,35.0,2946,7,2,2024-09-23 22:54:45.355034,2024-09-24
25,BROWN & COMPANY PLC,BRWN.N0000,366,0.0,0.0,103.0,103.0,105.0,99.0,1727081979847,25/APR/1991,9200959.0,90249,164,21900375000.0,0.0,101.0,103.0,90249,164,2,2024-09-23 22:54:45.355034,2024-09-24
128,BROWNS BEACH HOTELS PLC,BBH.N0000,104,2.962962962962963,0.4,13.9,13.5,15.0,13.0,1727081973277,22/FEB/1993,53403.0,3962,14,1801440000.0,0.0,13.0,13.9,3962,14,1,2024-09-23 22:54:45.355034,2024-09-24
1851,BROWNS INVESTMENTS PLC,BIL.N0000,293,0.0,0.0,5.3,5.3,5.5,4.9,1727081981243,26/JUL/2011,48314722.5,9285737,482,76159502538.0,0.0,5.2,5.3,9285737,482,2,2024-09-23 22:54:45.355034,2024-09-24
308,C M HOLDINGS PLC,COLO.N0000,90,0.0,0.0,85.1,85.1,89.0,89.0,1727066071599,01/JAN/1970,8010.0,90,1,1293520000.0,0.0,89.0,85.1,90,1,0,2024-09-23 22:54:45.355034,2024-09-24
335,C. W. MACKIE PLC,CWM.N0000,10,0.0,0.0,94.8,94.8,94.8,94.8,1727077227388,09/JAN/1995,57828.0,610,3,3411715108.8,0.0,94.8,94.8,610,3,2,2024-09-23 22:54:45.355034,2024-09-24
6052,CABLE SOLUTIONS LIMITED,CSLK.N0000,7854,1.36986301369863,0.1,7.4,7.3,7.4,7.1,1727081299000,14/AUG/2024,1192548.7,162871,17,3482932840.0,0.0,7.1,7.4,162871,17,2,2024-09-23 22:54:45.355034,2024-09-24
5892,CAL FIVE YEAR OPTIMUM FUND (“Units”),CALI.U0000,1,-2.4193548387096775,-0.3,12.1,12.4,13.9,12.0,1727074316738,01/FEB/2024,140850.4,11601,9,2346243578.8,0.0,13.9,12.1,11601,9,4,2024-09-23 22:54:45.355034,2024-09-24
5293,CAPITAL ALLIANCE PLC,CALT.N0000,95,0.24154589371980675,0.1,41.5,41.4,42.5,40.5,1727081408294,15/DEC/2021,6464266.0,155299,195,13670842186.0,0.0,41.3,41.5,155299,195,2,2024-09-23 22:54:45.355034,2024-09-24
551,CARGILLS (CEYLON) PLC,CARG.N0000,13,-0.4051316677920324,-1.5,368.75,370.25,372.0,365.0,1727078626396,01/JAN/1946,138416.0,378,15,95018663306.25,0.0,365.0,368.75,378,15,0,2024-09-23 22:54:45.355034,2024-09-24
5852,CARGILLS BANK PLC,CBNK.N0000,7000,1.36986301369863,0.1,7.4,7.3,7.5,7.3,1727081812479,09/JAN/2024,850300.4,115109,29,6997757149.2,0.0,7.3,7.4,115109,29,0,2024-09-23 22:54:45.355034,2024-09-24
22,CARGO BOAT DEVELOPMENT COMPANY PLC,CABO.N0000,200,0.0,0.0,56.0,56.0,58.7,56.0,1727079218636,01/JAN/1981,19045.4,340,6,1009791720.0,0.0,58.7,56.0,340,6,0,2024-09-23 22:54:45.355034,2024-09-24
447,CENTRAL FINANCE COMPANY PLC,CFIN.N0000,5000,-0.9523809523809523,-1.0,104.0,105.0,107.0,102.5,1727080542323,01/JAN/1969,3251929.75,31312,41,23644864048.0,0.0,105.0,104.0,31312,41,0,2024-09-23 22:54:45.355034,2024-09-24
224,CENTRAL INDUSTRIES PLC,CIND.N0000,2250,2.8331584470094437,2.7,98.0,95.3,102.0,94.0,1727081281486,14/AUG/1990,2605085.7,26173,66,2371128914.0,0.0,95.0,98.0,26173,66,0,2024-09-23 22:54:45.355034,2024-09-24
981,CEYLINCO HOLDINGS PLC,CINS.X0000,24,1.1049723756906078,10.0,915.0,905.0,915.0,915.0,1727080563017,21/APR/1988,113460.0,124,5,5869249200.0,0.0,915.0,915.0,124,5,0,2024-09-23 22:54:45.355034,2024-09-24
426,CEYLON COLD STORES PLC,CCS.N0000,1000,-2.0754716981132075,-1.1,51.9,53.0,53.0,51.6,1727081982495,01/JAN/1970,7398259.6,142507,106,49325760000.0,0.0,53.0,51.9,142507,106,0,2024-09-23 22:54:45.355034,2024-09-24
74,CEYLON GRAIN ELEVATORS PLC,GRAN.N0000,100,1.0769230769230769,1.75,164.25,162.5,165.0,158.0,1727081913543,01/JAN/1984,7152455.5,44071,63,9855000000.0,0.0,161.0,164.25,44071,63,0,2024-09-23 22:54:45.355034,2024-09-24
196,CEYLON GUARDIAN INVESTMENT TRUST PLC,GUAR.N0000,102,4.193548387096774,3.9,96.9,93.0,99.5,92.8,1727077626899,01/JAN/1951,38859.2,405,10,7951559832.9,0.0,92.8,96.9,405,10,0,2024-09-23 22:54:45.355034,2024-09-24
383,CEYLON HOTELS CORPORATION PLC,CHOT.N0000,300,-0.5617977528089888,-0.1,17.7,17.8,18.0,17.5,1727081215048,01/JAN/1967,202673.2,11422,24,3186547673.4,0.0,18.0,17.7,11422,24,0,2024-09-23 22:54:45.355034,2024-09-24
133,CEYLON INVESTMENT PLC,CINV.N0000,125,2.2916666666666665,1.1,49.1,48.0,52.0,46.6,1727081596117,01/JAN/1949,1031656.5,20950,45,4878613316.0,0.0,47.2,49.1,20950,45,0,2024-09-23 22:54:45.355034,2024-09-24
461,CEYLON LAND & EQUITY PLC,KZOO.N0000,500,2.857142857142857,0.2,7.2,7.0,7.3,7.0,1727081904073,01/JAN/1958,129691.7,18279,15,2180677068.0,0.0,7.3,7.2,18279,15,0,2024-09-23 22:54:45.355034,2024-09-24
1522,CEYLON TEA BROKERS PLC,CTBL.N0000,2195,0.0,0.0,4.8,4.8,4.8,4.6,1727081673061,16/MAR/2010,93579.6,19722,26,875520000.0,0.0,4.8,4.8,19722,26,2,2024-09-23 22:54:45.355034,2024-09-24
381,CEYLON TOBACCO COMPANY PLC,CTC.N0000,13,-0.697084917617237,-8.25,1175.25,1183.5,1183.75,1160.5,1727081423971,01/JAN/1955,2890537.25,2448,44,220152238362.75,0.0,1183.75,1175.25,2448,44,0,2024-09-23 22:54:45.355034,2024-09-24
131,CHEVRON LUBRICANTS  LANKA  PLC,LLUB.N0000,40,2.127659574468085,2.5,120.0,117.5,121.75,116.5,1727081983251,14/OCT/1996,15368372.5,129268,76,28800000000.0,0.0,118.0,120.0,129268,76,0,2024-09-23 22:54:45.355034,2024-09-24
4966,CHRISSWORLD PLC,CWL.N0000,30,0.0,0.0,9.1,9.1,9.4,9.0,1727075863465,18/MAY/2021,279.4,31,2,273000000.0,0.0,9.4,9.1,31,2,5,2024-09-23 22:54:45.355034,2024-09-24
162,C I C HOLDINGS PLC,CIC.N0000,495,1.5267175572519085,1.0,66.5,65.5,67.0,65.5,1727081975453,11/OCT/1964,7802031.8,117528,85,19391400000.0,0.0,65.5,66.5,117528,85,0,2024-09-23 22:54:45.355034,2024-09-24
328,C I C HOLDINGS PLC,CIC.X0000,10,2.335456475583864,1.1,48.2,47.1,49.1,47.1,1727081448113,11/OCT/1964,5368391.5,110964,56,4216536000.0,0.0,47.4,48.2,110964,56,0,2024-09-23 22:54:45.355034,2024-09-24
1858,CITIZENS DEVELOPMENT BUSINESS FINANCE PLC,CDB.X0000,45,0.75,0.75,100.75,100.0,104.25,98.1,1727081953205,06/OCT/2010,195396.0,1951,39,1042124551.0,0.0,98.2,100.75,1951,39,0,2024-09-23 22:54:45.355034,2024-09-24
101,CITRUS LEISURE PLC,REEF.N0000,1,0.0,0.0,4.4,4.4,4.7,4.3,1727081018750,01/JAN/1984,1928381.1,438745,91,2840572578.8,0.0,4.4,4.4,438745,91,0,2024-09-23 22:54:45.355034,2024-09-24
5353,Co-operative Insurance Company PLC,COOP.N0000,10000,0.0,0.0,2.5,2.5,2.6,2.4,1727080919627,30/DEC/2021,4051298.0,1629848,101,4130444000.0,0.0,2.5,2.5,1629848,101,2,2024-09-23 22:54:45.355034,2024-09-24
44,COLOMBO CITY HOLDINGS PLC,PHAR.N0000,1,0.0,0.0,45.0,45.0,48.9,45.0,1727071322541,01/JAN/1949,22729.6,505,3,1145571300.0,0.0,45.1,45.0,505,3,0,2024-09-23 22:54:45.355034,2024-09-24
267,COLOMBO DOCKYARD PLC,DOCK.N0000,271,-1.6706443914081146,-0.7,41.2,41.9,42.0,41.0,1727068162191,01/JAN/1983,191047.4,4641,21,2960587668.8,0.0,41.8,41.2,4641,21,1,2024-09-23 22:54:45.355034,2024-09-24
208,COMMERCIAL BANK OF CEYLON PLC,COMB.N0000,606,2.828054298642534,2.5,90.9,88.4,91.5,85.0,1727081944096,01/JAN/1970,104440541.7,1173395,606,137633704253.1,0.0,87.0,90.9,1173395,606,0,2024-09-23 22:54:45.355034,2024-09-24
396,COMMERCIAL BANK OF CEYLON PLC,COMB.X0000,5,2.751031636863824,2.0,74.7,72.7,75.6,70.8,1727081960321,01/JAN/1970,12352219.1,167030,225,7102937496.6,0.0,73.4,74.7,167030,225,0,2024-09-23 22:54:45.355034,2024-09-24
1798,COMMERCIAL CREDIT AND FINANCE PLC,COCR.N0000,80,0.31347962382445144,0.1,32.0,31.9,32.8,31.1,1727082000798,01/JUN/2011,6991325.4,218680,167,10178379680.0,0.0,31.9,32.0,218680,167,2,2024-09-23 22:54:45.355034,2024-09-24
490,COMMERCIAL DEVELOPMENT COMPANY PLC,COMD.N0000,1,0.0,0.0,117.5,117.5,116.5,108.0,1727069286493,01/JAN/1983,1622.5,14,2,1410000000.0,0.0,116.5,117.5,14,2,2,2024-09-23 22:54:45.355034,2024-09-24
168,CONVENIENCE FOODS LANKA PLC,SOY.N0000,2,0.0,0.0,761.25,761.25,780.0,758.0,1727071369703,13/MAY/1992,26220.5,34,6,2093437500.0,0.0,758.0,761.25,34,6,0,2024-09-23 22:54:45.355034,2024-09-24
123,DANKOTUWA PORCELAIN PLC,DPL.N0000,100,-0.4784688995215311,-0.1,20.8,20.9,20.9,20.1,1727069194184,21/FEB/1995,20470.0,1000,5,3381100736.0,0.0,20.1,20.8,1000,5,0,2024-09-23 22:54:45.355034,2024-09-24
239,DFCC BANK PLC,DFCC.N0000,782,3.953147877013177,2.7,71.0,68.3,71.0,66.8,1727081870766,01/JAN/1956,12235985.3,175897,147,30718718781.0,0.0,68.0,71.0,175897,147,0,2024-09-23 22:54:45.355034,2024-09-24
471,DIALOG AXIATA PLC,DIAL.N0000,28,1.1363636363636365,0.1,8.9,8.8,8.9,8.6,1727081906467,28/JUL/2005,5850048.2,663117,185,81882981446.6,0.0,8.9,8.9,663117,185,0,2024-09-23 22:54:45.355034,2024-09-24
375,DIESEL & MOTOR ENGINEERING PLC,DIMO.N0000,14,0.624699663623258,3.25,523.5,520.25,535.0,515.0,1727081179993,01/JAN/1964,333639.25,638,12,4832687109.0,0.0,522.0,523.5,638,12,0,2024-09-23 22:54:45.355034,2024-09-24
399,DIPPED PRODUCTS PLC,DIPD.N0000,25,1.4836795252225519,0.5,34.2,33.7,34.8,32.0,1727081973456,01/JAN/1982,18628793.9,551130,240,20472637104.0,0.0,33.5,34.2,551130,240,0,2024-09-23 22:54:45.355034,2024-09-24
68,DISTILLERIES COMPANY OF SRI LANKA PLC,DIST.N0000,390,0.3937007874015748,0.1,25.5,25.4,25.9,25.3,1727081878484,10/AUG/1992,2265859.9,88861,48,117300000000.0,0.0,25.5,25.5,88861,48,3,2024-09-23 22:54:45.355034,2024-09-24
455,DOLPHIN HOTELS PLC,STAF.N0000,50,3.0303030303030303,1.0,34.0,33.0,34.0,32.3,1727081718092,01/JAN/1982,1027423.7,30592,19,2150260436.0,0.0,32.3,34.0,30592,19,0,2024-09-23 22:54:45.355034,2024-09-24
26,E B CREASY & COMPANY PLC,EBCR.N0000,1,4.3478260869565215,1.0,24.0,23.0,24.0,23.3,1727077300475,01/JAN/1968,2470707.0,103005,14,6085099200.0,0.0,23.3,24.0,103005,14,0,2024-09-23 22:54:45.355034,2024-09-24
5173,E M L CONSULTANTS PLC,EML.N0000,50,0.0,0.0,3.1,3.1,3.2,3.1,1727071203997,27/SEP/2021,74413.2,24001,11,281790000.0,0.0,3.2,3.1,24001,11,5,2024-09-23 22:54:45.355034,2024-09-24
403,EAST WEST PROPERTIES PLC,EAST.N0000,973,-2.0202020202020203,-0.2,9.7,9.9,9.7,9.7,1727074006744,01/JAN/1983,10408.1,1073,3,1340928000.0,0.0,9.7,9.7,1073,3,0,2024-09-23 22:54:45.355034,2024-09-24
405,EASTERN MERCHANTS PLC,EMER.N0000,300,6.451612903225806,0.4,6.6,6.2,6.6,6.4,1727081551309,01/JAN/1982,114960.0,17575,14,775143600.0,0.0,6.4,6.6,17575,14,0,2024-09-23 22:54:45.355034,2024-09-24
348,EDEN HOTEL LANKA PLC,EDEN.N0000,1,1.6666666666666667,0.2,12.2,12.0,12.8,11.7,1727081806631,13/DEC/1993,4525892.7,369666,74,19324800000.0,0.0,11.7,12.2,369666,74,3,2024-09-23 22:54:45.355034,2024-09-24
115,ELPITIYA PLANTATIONS PLC,ELPL.N0000,8,-1.4492753623188406,-1.4,95.2,96.6,98.5,94.0,1727075548029,08/DEC/2000,308746.3,3208,19,6936883945.6,0.0,98.4,95.2,3208,19,2,2024-09-23 22:54:45.355034,2024-09-24
5231,Ex-pack Corrugated Cartons PLC,PACK.N0000,6645,-2.272727272727273,-0.3,12.9,13.2,13.5,12.9,1727080729875,10/NOV/2021,678339.0,52375,26,4299999995.7,0.0,13.0,12.9,52375,26,0,2024-09-23 22:54:45.355034,2024-09-24
5472,EXTERMINATORS PLC,EXT.N0000,200,4.545454545454546,0.3,6.9,6.6,7.0,6.7,1727072523138,30/MAR/2022,4350.1,629,3,364681967.1,0.0,6.9,6.9,629,3,1,2024-09-23 22:54:45.355034,2024-09-24
528,FIRST CAPITAL HOLDINGS PLC,CFVF.N0000,2000,0.6802721088435374,0.2,29.6,29.4,29.9,28.3,1727081867252,22/AUG/1994,2953714.8,101138,91,11988000000.0,0.0,29.3,29.6,101138,91,2,2024-09-23 22:54:45.355034,2024-09-24
5330,First Capital Treasuries PLC,FCT.N0000,1187,1.6736401673640167,0.4,24.3,23.9,24.3,23.3,1727081953082,02/MAR/2015,1175535.4,49320,76,14959080000.0,0.0,23.9,24.3,49320,76,0,2024-09-23 22:54:45.355034,2024-09-24
116,GALADARI HOTELS (LANKA) PLC,GHLL.N0000,500,0.6756756756756757,0.1,14.9,14.8,14.9,14.7,1727081823016,01/JAN/1970,1069420.8,71984,41,7462360503.6,0.0,14.7,14.9,71984,41,2,2024-09-23 22:54:45.355034,2024-09-24
533,GALLE FACE CAPITAL PARTNERS PLC,WAPO.N0000,350,0.0,0.0,27.0,27.0,27.9,21.2,1727081960837,21/NOV/2001,693522.9,25959,50,727637148.0,0.0,27.0,27.0,25959,50,0,2024-09-23 22:54:45.355034,2024-09-24
466,GESTETNER OF CEYLON PLC,GEST.N0000,34,1.098901098901099,0.9,82.8,81.9,82.9,80.0,1727070543897,01/JAN/1965,74962.7,909,8,220066833.6,0.0,80.0,82.8,909,8,0,2024-09-23 22:54:45.355034,2024-09-24
2091,GREENTECH ENERGY PLC,MEL.N0000,100,-4.545454545454546,-0.1,2.1,2.2,2.1,2.1,1727080335798,25/APR/2012,80022.6,38106,11,210000000.0,0.0,2.1,2.1,38106,11,1,2024-09-23 22:54:45.355034,2024-09-24
167,HARISCHANDRA MILLS PLC,HARI.N0000,2,0.0,0.0,4400.0,4400.0,3755.0,3755.0,1727065759073,01/JAN/1983,7510.0,2,1,8446240000.0,0.0,3755.0,4400.0,2,1,2,2024-09-23 22:54:45.355034,2024-09-24
340,HATTON NATIONAL BANK PLC,HNB.X0000,5193,2.966841186736475,4.25,147.5,143.25,149.0,139.25,1727081960723,01/JAN/1971,17899854.25,123681,96,17088276495.0,0.0,141.0,147.5,123681,96,0,2024-09-23 22:54:45.355034,2024-09-24
172,HATTON NATIONAL BANK PLC,HNB.N0000,5000,3.259259259259259,5.5,174.25,168.75,175.0,165.0,1727081928085,01/JAN/1971,81063159.0,473095,474,79452506594.5,0.0,171.0,174.25,473095,474,0,2024-09-23 22:54:45.355034,2024-09-24
4058,HATTON PLANTATIONS PLC,HPL.N0000,40,-3.488372093023256,-0.9,24.9,25.8,25.0,24.0,1727077081813,02/FEB/2018,324953.5,13534,10,5893000107.9,0.0,24.0,24.9,13534,10,2,2024-09-23 22:54:45.355034,2024-09-24
31,HAYCARB PLC,HAYC.N0000,3000,-0.1297016861219196,-0.1,77.0,77.1,77.6,74.0,1727081747632,01/JAN/1975,2534974.6,33445,31,22878528750.0,0.0,77.6,77.0,33445,31,0,2024-09-23 22:54:45.355034,2024-09-24
331,HAYLEYS FABRIC PLC,MGT.N0000,22,2.2222222222222223,1.0,46.0,45.0,46.7,44.6,1727081827397,23/APR/2003,4986630.1,109930,37,19112161696.0,0.0,45.0,46.0,109930,37,0,2024-09-23 22:54:45.355034,2024-09-24
524,HAYLEYS FIBRE PLC,HEXP.N0000,40,0.8421052631578947,0.4,47.9,47.5,50.0,47.3,1727078201119,17/MAR/1992,29927.6,620,14,1149600000.0,0.0,50.0,47.9,620,14,0,2024-09-23 22:54:45.355034,2024-09-24
214,HAYLEYS LEISURE PLC,CONN.N0000,1,-2.6315789473684212,-0.5,18.5,19.0,19.4,18.5,1727080024471,11/MAR/1996,194912.6,10511,6,1997814223.0,0.0,19.4,18.5,10511,6,0,2024-09-23 22:54:45.355034,2024-09-24
175,HAYLEYS PLC,HAYL.N0000,1000,1.75054704595186,1.6,93.0,91.4,93.4,89.0,1727081998185,01/JAN/1953,26995729.7,291952,165,69750000000.0,0.0,90.9,93.0,291952,165,0,2024-09-23 22:54:45.355034,2024-09-24
5431,HELA APPAREL HOLDINGS PLC,HELA.N0000,100,0.0,0.0,5.1,5.1,5.4,5.1,1727081777609,07/FEB/2022,1241351.6,237436,49,6718645956.0,0.0,5.1,5.1,237436,49,0,2024-09-23 22:54:45.355034,2024-09-24
325,HEMAS HOLDINGS PLC,HHL.N0000,1000,1.103448275862069,0.8,73.3,72.5,74.0,71.0,1727081542721,15/OCT/2003,18567655.2,257764,92,43773351980.3,0.0,72.4,73.3,257764,92,0,2024-09-23 22:54:45.355034,2024-09-24
2229,HIKKADUWA BEACH RESORT PLC,CITH.N0000,2,5.405405405405405,0.2,3.9,3.7,3.9,3.7,1727081273228,17/DEC/2012,1161093.8,305405,57,2116387770.9,0.0,3.7,3.9,305405,57,2,2024-09-23 22:54:45.355034,2024-09-24
5,HNB ASSURANCE PLC,HASU.N0000,17,-0.9900990099009901,-0.6,60.0,60.6,60.6,60.0,1727081735540,28/NOV/2003,6191225.0,102167,15,9000000000.0,0.0,60.6,60.0,102167,15,0,2024-09-23 22:54:45.355034,2024-09-24
4681,HNB FINANCE PLC,HNBF.X0000,9800,-1.9607843137254901,-0.1,5.0,5.1,5.0,5.0,1727080559554,08/JAN/2020,50000.0,10000,2,1491000000.0,0.0,5.0,5.0,10000,2,2,2024-09-23 22:54:45.355034,2024-09-24
4680,HNB FINANCE PLC,HNBF.N0000,300,1.9607843137254901,0.1,5.2,5.1,5.2,5.2,1727075629772,08/JAN/2020,17768.4,3417,5,7391179244.8,0.0,5.2,5.2,3417,5,2,2024-09-23 22:54:45.355034,2024-09-24
103,HORANA PLANTATIONS PLC,HOPL.N0000,100,-0.2702702702702703,-0.1,36.9,37.0,38.5,36.4,1727066491660,12/FEB/1996,14770.0,400,2,922500000.0,0.0,36.4,36.9,400,2,0,2024-09-23 22:54:45.355034,2024-09-24
183,HOTEL SIGIRIYA PLC,HSIG.N0000,1000,-1.9955654101995566,-0.9,44.2,45.1,45.9,43.4,1727073272228,01/JAN/1981,127373.4,2910,7,776903400.0,0.0,43.5,44.2,2910,7,0,2024-09-23 22:54:45.355034,2024-09-24
355,HOUSING DEVELOPMENT FINANCE CORPORATION BANK OF SL,HDFC.N0000,300,0.0,0.0,31.8,31.8,31.8,31.8,1727070831331,12/NOV/2003,12720.0,400,2,2057794536.0,0.0,31.8,31.8,400,2,0,2024-09-23 22:54:45.355034,2024-09-24
5311,hSenid Business Solutions PLC,HBS.N0000,20000,1.9047619047619047,0.2,10.7,10.5,10.8,10.6,1727081692074,21/DEC/2021,531267.4,49868,23,3052225921.3,0.0,10.8,10.7,49868,23,0,2024-09-23 22:54:45.355034,2024-09-24
276,HUNAS HOLDINGS PLC,HUNA.N0000,1,-0.7117437722419929,-0.2,27.9,28.1,28.9,27.9,1727079962114,18/OCT/1993,2875.9,103,5,23687937000.0,0.0,28.9,27.9,103,5,1,2024-09-23 22:54:45.355034,2024-09-24
134,HUNTER & COMPANY PLC,HUNT.N0000,197,-1.639344262295082,-10.0,600.0,610.0,600.0,600.0,1727075800811,01/JAN/1947,600000.0,1000,7,3087000000.0,0.0,600.0,600.0,1000,7,0,2024-09-23 22:54:45.355034,2024-09-24
1786,HVA FOODS PLC,HVA.N0000,5,0.0,0.0,3.0,3.0,3.1,2.9,1727078220967,15/FEB/2011,36491.7,12180,11,348750465.0,0.0,3.1,3.0,12180,11,2,2024-09-23 22:54:45.355034,2024-09-24
269,INDUSTRIAL ASPHALTS (CEYLON) PLC,ASPH.N0000,87,0.0,0.0,0.3,0.3,0.3,0.2,1727078885695,01/JAN/1978,275.6,919,5,1124823375.0,0.0,0.2,0.3,919,5,0,2024-09-23 22:54:45.355034,2024-09-24
941,JANASHAKTHI INSURANCE PLC,JINS.N0000,100,1.5831134564643798,0.6,38.5,37.9,38.8,37.0,1727081973817,21/JUL/2008,459369.4,12244,49,8721256890.5,0.0,37.7,38.5,12244,49,2,2024-09-23 22:54:45.355034,2024-09-24
5127,JAT HOLDINGS PLC,JAT.N0000,2500,-1.2121212121212122,-0.2,16.3,16.5,17.0,16.0,1727081933054,12/AUG/2021,4869427.4,300579,111,8319646699.9,0.0,16.3,16.3,300579,111,3,2024-09-23 22:54:45.355034,2024-09-24
4019,JETWING SYMPHONY PLC,JETS.N0000,250,2.6315789473684212,0.2,7.8,7.6,7.8,7.3,1727081964257,05/JAN/2018,139905.6,18818,16,4697070760.2,0.0,7.4,7.8,18818,16,2,2024-09-23 22:54:45.355034,2024-09-24
297,JOHN KEELLS HOLDINGS PLC,JKH.N0000,100,0.7473841554559043,1.25,168.5,167.25,169.5,165.0,1727081660265,23/OCT/1986,19964333.25,118929,195,253194158754.5,0.0,166.5,168.5,118929,195,0,2024-09-23 22:54:45.355034,2024-09-24
104,JOHN KEELLS HOTELS PLC,KHL.N0000,24,3.225806451612903,0.5,16.0,15.5,16.0,14.9,1727080885266,17/SEP/2004,1520352.7,98942,97,23298348480.0,0.0,15.5,16.0,98942,97,2,2024-09-23 22:54:45.355034,2024-09-24
284,JOHN KEELLS PLC,JKL.N0000,140,-0.15625,-0.1,63.9,64.0,64.0,63.9,1727081768390,01/JAN/1974,53917.0,843,8,3885120000.0,0.0,64.0,63.9,843,8,2,2024-09-23 22:54:45.355034,2024-09-24
8,KAHAWATTE  PLANTATIONS  PLC,KAHA.N0000,1,0.6097560975609756,0.1,16.5,16.4,16.5,15.6,1727071219079,02/DEC/1998,31609.0,2001,6,1640210401.5,0.0,15.9,16.5,2001,6,0,2024-09-23 22:54:45.355034,2024-09-24
5371,KAPRUKA HOLDINGS PLC,KPHL.N0000,800,-1.5151515151515151,-0.1,6.5,6.6,6.6,6.4,1727081821305,07/JAN/2022,22735.1,3515,17,1066847340.0,0.0,6.6,6.5,3515,17,0,2024-09-23 22:54:45.355034,2024-09-24
227,KEELLS FOOD PRODUCTS PLC,KFP.N0000,115,1.8867924528301887,3.0,162.0,159.0,162.0,161.75,1727081960489,01/JAN/1983,19115.5,118,3,4131000000.0,0.0,162.0,162.0,118,3,2,2024-09-23 22:54:45.355034,2024-09-24
372,KEGALLE  PLANTATIONS  PLC,KGAL.N0000,1,0.0,0.0,110.0,110.0,112.0,108.5,1727081221831,08/JAN/1996,5932.5,53,4,2750000000.0,0.0,108.5,110.0,53,4,0,2024-09-23 22:54:45.355034,2024-09-24
279,KELANI CABLES PLC,KCAB.N0000,75,2.272727272727273,6.5,292.5,286.0,293.0,283.0,1727081924411,01/JAN/1974,391200.0,1367,17,6376500000.0,0.0,285.75,292.5,1367,17,0,2024-09-23 22:54:45.355034,2024-09-24
82,KELANI TYRES PLC,TYRE.N0000,100,-1.3717421124828533,-1.0,71.9,72.9,72.9,71.5,1727081994398,28/JAN/1994,665281.8,9249,25,5780760000.0,0.0,72.9,71.9,9249,25,0,2024-09-23 22:54:45.355034,2024-09-24
316,KELANI VALLEY PLANTATIONS PLC,KVAL.N0000,911,1.8922852983988354,1.3,70.0,68.7,73.0,70.0,1727081860172,18/JAN/1996,266334.2,3798,19,4760000000.0,0.0,73.0,70.0,3798,19,0,2024-09-23 22:54:45.355034,2024-09-24
147,KOTAGALA PLANTATIONS PLC,KOTA.N0000,49854,3.5714285714285716,0.2,5.8,5.6,6.0,5.6,1727081924693,12/DEC/1995,1233112.9,213740,66,1963372500.0,0.0,5.6,5.8,213740,66,0,2024-09-23 22:54:45.355034,2024-09-24
389,KOTMALE HOLDINGS PLC,LAMB.N0000,1,0.0,0.0,350.0,350.0,415.0,356.5,1727071391973,01/JAN/1969,4506.5,11,2,10990000000.0,0.0,415.0,350.0,11,2,3,2024-09-23 22:54:45.355034,2024-09-24
322,LB FINANCE PLC,LFIN.N0000,1500,0.47095761381475665,0.3,64.0,63.7,65.0,62.7,1727081839052,30/DEC/1997,16023916.4,252097,112,35459656704.0,0.0,63.6,64.0,252097,112,0,2024-09-23 22:54:45.355034,2024-09-24
18,LANKA ALUMINIUM INDUSTRIES PLC,LALU.N0000,30,2.232142857142857,0.5,22.9,22.4,23.0,22.4,1727081998440,20/APR/1987,4188500.0,183047,61,1568973233.5,0.0,22.8,22.9,183047,61,0,2024-09-23 22:54:45.355034,2024-09-24
550,LANKA ASHOK LEYLAND PLC,ASHO.N0000,3,0.0,0.0,723.5,723.5,795.0,730.0,1727081307860,01/JAN/1983,8095.0,11,3,2619679910.5,0.0,795.0,723.5,11,3,0,2024-09-23 22:54:45.355034,2024-09-24
5251,LANKA CREDIT AND BUSINESS FINANCE PLC,LCBF.N0000,99,5.0,0.1,2.1,2.0,2.1,1.9,1727081718440,16/NOV/2021,249414.8,129999,44,1659354438.0,0.0,2.0,2.1,129999,44,2,2024-09-23 22:54:45.355034,2024-09-24
553,LANKA IOC PLC,LIOC.N0000,10,0.2386634844868735,0.25,105.0,104.75,107.0,102.75,1727081953585,22/DEC/2004,14455697.5,137087,135,55908899025.0,0.0,103.5,105.0,137087,135,0,2024-09-23 22:54:45.355034,2024-09-24
518,LANKA MILK FOODS (CWE) PLC,LMF.N0000,1010,4.615384615384615,1.2,27.2,26.0,27.8,25.0,1727081977453,01/JAN/1983,26828315.7,1001468,271,10879456000.0,0.0,25.1,27.2,1001468,271,0,2024-09-23 22:54:45.355034,2024-09-24
250,LANKA REALTY INVESTMENTS PLC,ASCO.N0000,5000,3.0,0.3,10.3,10.0,10.4,9.8,1727070382016,01/JAN/1969,78671.0,7660,8,2177115408.4,0.0,9.9,10.3,7660,8,0,2024-09-23 22:54:45.355034,2024-09-24
337,LANKA TILES PLC,TILE.N0000,380,-0.8016032064128257,-0.4,49.5,49.9,49.9,47.4,1727081982780,01/JUN/1986,2041009.2,41850,49,13129976475.0,0.0,49.9,49.5,41850,49,0,2024-09-23 22:54:45.355034,2024-09-24
67,LANKA WALLTILE PLC,LWL.N0000,1000,3.225806451612903,1.6,51.2,49.6,51.5,48.0,1727081933067,13/JUN/1994,1399988.8,27872,41,13977600000.0,0.0,48.0,51.2,27872,41,0,2024-09-23 22:54:45.355034,2024-09-24
527,LANKEM CEYLON PLC,LCEY.N0000,50,0.0,0.0,70.0,70.0,71.0,67.5,1727081901570,01/JAN/1970,4135.0,59,4,3602952990.0,0.0,71.0,70.0,59,4,2,2024-09-23 22:54:45.355034,2024-09-24
546,LANKEM DEVELOPMENTS PLC,LDEV.N0000,3149,2.7027027027027026,0.4,15.2,14.8,15.2,14.0,1727081839601,01/JAN/1975,549010.0,37352,37,1824000000.0,0.0,14.0,15.2,37352,37,0,2024-09-23 22:54:45.355034,2024-09-24
1724,LAUGFS GAS PLC,LGL.N0000,500,1.8181818181818181,0.6,33.6,33.0,33.9,31.7,1727080498434,08/DEC/2010,36993.9,1101,5,11256002889.6,0.0,33.9,33.6,1101,5,0,2024-09-23 22:54:45.355034,2024-09-24
1744,LAUGFS GAS PLC,LGL.X0000,10,1.0256410256410255,0.2,19.7,19.5,19.8,18.5,1727081880273,08/DEC/2010,85879.0,4476,12,1024400000.0,0.0,18.5,19.7,4476,12,0,2024-09-23 22:54:45.355034,2024-09-24
4561,LAUGFS POWER PLC,LPL.N0000,3,0.0,0.0,9.4,9.4,9.4,9.4,1727064000230,30/OCT/2019,28.2,3,1,3149000808.4,0.0,9.4,9.4,3,1,2,2024-09-23 22:54:45.355034,2024-09-24
382,LAXAPANA PLC,LITE.N0000,10,0.591715976331361,0.1,17.0,16.9,17.1,16.4,1727080837706,01/JAN/1982,401953.3,24054,12,1125823963.0,0.0,16.5,17.0,24054,12,0,2024-09-23 22:54:45.355034,2024-09-24
198,LEE HEDGES PLC,SHAW.N0000,5,-0.8571428571428571,-0.6,69.4,70.0,70.0,60.4,1727081969281,01/JAN/1954,518903.3,7442,21,1776829462.0,0.0,66.2,69.4,7442,21,0,2024-09-23 22:54:45.355034,2024-09-24
415,LION BREWERY (CEYLON) PLC,LION.N0000,4,0.1,1.0,1001.0,1000.0,1020.0,1000.0,1727081752711,22/JAN/1997,120122.5,120,8,80080000000.0,0.0,1000.0,1001.0,120,8,0,2024-09-23 22:54:45.355034,2024-09-24
1847,LOLC FINANCE PLC,LOFC.N0000,50000,0.0,0.0,5.5,5.5,5.8,5.2,1727081998790,07/JUL/2011,54643656.0,9902002,492,181935667644.5,0.0,5.6,5.5,9902002,492,3,2024-09-23 22:54:45.355034,2024-09-24
5355,LOLC GENERAL INSURANCE PLC,LGIL.N0000,368,0.0,0.0,5.9,5.9,6.1,5.8,1727081748395,31/DEC/2021,749766.2,128000,24,7080000000.0,0.0,5.8,5.9,128000,24,2,2024-09-23 22:54:45.355034,2024-09-24
410,L O L C HOLDINGS PLC,LOLC.N0000,24,2.465023317788141,9.25,384.5,375.25,386.5,359.0,1727081878605,01/JAN/1982,18929357.0,51138,190,182714400000.0,0.0,370.25,384.5,51138,190,0,2024-09-23 22:54:45.355034,2024-09-24
1665,LOTUS HYDRO POWER PLC,HPFL.N0000,25,0.8264462809917356,0.1,12.2,12.1,12.4,12.0,1727081334194,25/NOV/2010,1551195.8,128078,62,1330874966.4,0.0,12.1,12.2,128078,62,2,2024-09-23 22:54:45.355034,2024-09-24
4038,L V L ENERGY FUND PLC,LVEF.N0000,2699,0.0,0.0,4.4,4.4,4.5,4.2,1727078626984,09/JAN/2018,2964772.4,683817,71,3074428464.8,0.0,4.5,4.4,683817,71,0,2024-09-23 22:54:45.355034,2024-09-24
170,MADULSIMA  PLANTATIONS  PLC,MADU.N0000,1,0.0,0.0,10.1,10.1,10.4,10.4,1727071463337,06/JUL/1998,10.4,1,1,1711961079.7,0.0,10.4,10.1,1,1,3,2024-09-23 22:54:45.355034,2024-09-24
6032,MAHARAJA FOODS LIMITED,MFPE.N0000,500,2.0,0.1,5.1,5.0,5.1,5.0,1727081692450,26/JUL/2024,256196.5,50978,13,637500000.0,0.0,5.0,5.1,50978,13,5,2024-09-23 22:54:45.355034,2024-09-24
4439,MAHAWELI COCONUT PLANTATIONS PLC,MCPL.N0000,3,0.0,0.0,28.9,28.9,29.3,28.9,1727081566013,03/JUN/2019,48190.2,1665,17,1011387723.5,0.0,29.3,28.9,1665,17,2,2024-09-23 22:54:45.355034,2024-09-24
187,MAHAWELI REACH HOTELS PLC,MRH.N0000,100,0.7142857142857143,0.1,14.1,14.0,14.3,13.2,1727081768644,01/JAN/1982,8081.5,605,8,663636902.7,0.0,13.2,14.1,605,8,2,2024-09-23 22:54:45.355034,2024-09-24
1595,MALWATTE VALLEY PLANTATION PLC,MAL.X0000,1,0.0,0.0,37.0,37.0,33.1,33.1,1727071533995,26/JUL/2000,33.1,1,1,749274420.0,0.0,33.1,37.0,1,1,0,2024-09-23 22:54:45.355034,2024-09-24
439,MALWATTE VALLEY PLANTATION PLC,MAL.N0000,2,2.4390243902439024,1.5,63.0,61.5,63.0,57.0,1727081701227,26/JUL/2000,75152.0,1193,6,12775916853.0,0.0,57.0,63.0,1193,6,0,2024-09-23 22:54:45.355034,2024-09-24
107,MARAWILA  RESORTS  PLC,MARA.N0000,5000,0.0,0.0,3.7,3.7,3.8,3.5,1727081976677,18/JUN/1997,1759409.7,478214,59,1302116539.3,0.0,3.7,3.7,478214,59,2,2024-09-23 22:54:45.355034,2024-09-24
388,MASKELIYA PLANTATIONS PLC,MASK.N0000,900,1.749271137026239,0.6,34.9,34.3,35.8,33.0,1727077768957,05/NOV/1997,239107.9,6980,10,1882976766.1,0.0,34.1,34.9,6980,10,2,2024-09-23 22:54:45.355034,2024-09-24
3695,MELSTACORP PLC,MELS.N0000,250,2.1437578814627996,1.7,81.0,79.3,85.0,76.9,1727081998748,30/DEC/2016,1850445.2,23036,54,94397162832.0,0.0,78.0,81.0,23036,54,0,2024-09-23 22:54:45.355034,2024-09-24
400,MERCHANT BANK OF SRI LANKA & FINANCE PLC,MBSL.N0000,1000,-1.9607843137254901,-0.1,5.0,5.1,5.3,4.9,1727081962319,04/JAN/1991,287120.4,58256,32,2622698185.0,0.0,5.0,5.0,58256,32,2,2024-09-23 22:54:45.355034,2024-09-24
3055,MILLENNIUM HOUSING DEVELOPERS PLC,MHDL.N0000,9,0.0,0.0,2.8,2.8,2.8,2.8,1727072523256,19/FEB/2014,3875.2,1384,2,377107696.0,0.0,2.8,2.8,1384,2,1,2024-09-23 22:54:45.355034,2024-09-24
384,MULLER & PHIPPS (CEYLON) PLC,MULL.N0000,950,0.0,0.0,1.1,1.1,1.1,1.0,1727077483553,01/JAN/1965,120201.1,120001,20,311300000.0,0.0,1.0,1.1,120001,20,0,2024-09-23 22:54:45.355034,2024-09-24
5351,MYLAND DEVELOPMENTS PLC,MDL.N0000,20,3.9473684210526314,0.3,7.9,7.6,8.1,7.9,1727072379719,28/DEC/2021,46569.0,5890,3,286375000.0,0.0,7.9,7.9,5890,3,2,2024-09-23 22:54:45.355034,2024-09-24
291,NAMUNUKULA PLANTATIONS PLC,NAMU.N0000,10,1.7424242424242424,5.75,335.75,330.0,370.0,330.25,1727081362937,10/MAR/1999,62762.75,187,16,7974062500.0,0.0,330.25,335.75,187,16,0,2024-09-23 22:54:45.355034,2024-09-24
218,NATION LANKA FINANCE PLC,CSF.N0000,411,0.0,0.0,0.3,0.3,0.3,0.2,1727081926047,13/JUN/1994,114984.1,573867,24,2099032210.5,0.0,0.2,0.3,573867,24,1,2024-09-23 22:54:45.355034,2024-09-24
77,NATIONAL DEVELOPMENT BANK PLC,NDB.N0000,1,1.4285714285714286,1.0,71.0,70.0,72.0,67.8,1727081994689,26/APR/1993,13100399.9,186297,165,29501453246.0,0.0,70.2,71.0,186297,165,0,2024-09-23 22:54:45.355034,2024-09-24
9,NATIONS TRUST BANK PLC,NTB.N0000,3373,0.21551724137931033,0.25,116.25,116.0,120.0,111.0,1727081772583,03/MAY/1999,12141776.0,105749,75,32779873447.5,0.0,120.0,116.25,105749,75,0,2024-09-23 22:54:45.355034,2024-09-24
4077,NATIONS TRUST BANK PLC,NTB.X0000,1,-4.761904761904762,-6.0,120.0,126.0,128.75,120.0,1727076363087,03/MAY/1999,23408.75,195,4,5306740920.0,0.0,120.0,120.0,195,4,0,2024-09-23 22:54:45.355034,2024-09-24
230,NAWALOKA HOSPITALS PLC,NHL.N0000,5,-7.894736842105263,-0.3,3.5,3.8,3.7,3.5,1727081982049,09/SEP/2004,1819669.2,517205,151,4933269586.0,0.0,3.7,3.5,517205,151,1,2024-09-23 22:54:45.355034,2024-09-24
1596,ODEL PLC,ODEL.N0000,10,5.357142857142857,0.6,11.8,11.2,11.8,11.8,1727068511043,04/AUG/2010,1368.8,116,4,6352765221.2,0.0,11.8,11.8,116,4,1,2024-09-23 22:54:45.355034,2024-09-24
526,OFFICE EQUIPMENT PLC,OFEQ.N0000,6,0.0,0.0,96.1,96.1,115.0,103.0,1727069925213,01/JAN/1974,1778.75,16,3,80105116.0,0.0,103.0,96.1,16,3,3,2024-09-23 22:54:45.355034,2024-09-24
492,ON'ALLY HOLDINGS PLC,ONAL.N0000,1,2.127659574468085,0.5,24.0,23.5,25.4,24.0,1727081978362,20/OCT/1988,24433.4,1018,4,2232074088.0,0.0,24.0,24.0,1018,4,3,2024-09-23 22:54:45.355034,2024-09-24
3495,ORIENT FINANCE PLC,BFN.N0000,10,-6.896551724137931,-0.6,8.1,8.7,8.6,8.0,1727066941717,30/JUN/2011,133773.9,16610,6,1709919355.5,0.0,8.2,8.1,16610,6,3,2024-09-23 22:54:45.355034,2024-09-24
387,OVERSEAS REALTY (CEYLON) PLC,OSEA.N0000,1001,5.9171597633136095,1.0,17.9,16.9,18.5,17.0,1727081678406,01/JAN/1982,807123.4,46071,19,22250229517.8,0.0,17.0,17.9,46071,19,2,2024-09-23 22:54:45.355034,2024-09-24
354,PALM GARDEN HOTELS PLC,PALM.N0000,10,0.24509803921568626,0.1,40.9,40.8,41.0,39.0,1727080848946,08/MAR/1993,61761.6,1524,8,19465823300.0,0.0,39.0,40.9,1524,8,3,2024-09-23 22:54:45.355034,2024-09-24
105,PAN ASIA BANKING CORPORATION PLC,PABC.N0000,500,1.530612244897959,0.3,19.9,19.6,20.3,18.6,1727081937065,05/APR/2005,19369690.5,979858,207,8806976417.1,0.0,19.3,19.9,979858,207,0,2024-09-23 22:54:45.355034,2024-09-24
1784,PANASIAN POWER PLC,PAP.N0000,10,5.0,0.2,4.2,4.0,4.3,3.9,1727081383075,07/JAN/2011,5333840.9,1320067,45,2625000000.0,0.0,4.0,4.2,1320067,45,0,2024-09-23 22:54:45.355034,2024-09-24
504,PEGASUS HOTELS OF CEYLON PLC,PEG.N0000,100,4.98220640569395,1.4,29.5,28.1,30.0,25.6,1727077595995,01/JAN/1970,19437.0,710,8,1245208865.0,0.0,30.0,29.5,710,8,2,2024-09-23 22:54:45.355034,2024-09-24
3461,PEOPLE'S INSURANCE PLC,PINS.N0000,1,-3.255813953488372,-0.7,20.8,21.5,21.9,20.8,1727076846350,12/JAN/2016,21789.8,1021,6,4235555542.4,0.0,21.9,20.8,1021,6,0,2024-09-23 22:54:45.355034,2024-09-24
1968,PEOPLE'S LEASING & FINANCE PLC,PLC.N0000,2587,-1.7857142857142858,-0.2,11.0,11.2,11.4,10.9,1727081823180,24/NOV/2011,1105244.6,98892,52,23698133250.0,0.0,11.1,11.0,98892,52,0,2024-09-23 22:54:45.355034,2024-09-24
486,PGP GLASS CEYLON PLC,GLAS.N0000,100,2.1660649819494586,0.6,28.3,27.7,30.0,27.7,1727081498598,05/SEP/1994,74861.6,2601,17,26887436064.0,0.0,27.7,28.3,2601,17,0,2024-09-23 22:54:45.355034,2024-09-24
523,PMF FINANCE PLC,PMB.N0000,5,-4.081632653061225,-0.2,4.7,4.9,4.7,4.4,1727081734383,11/JUL/1994,105981.0,23168,19,1904918225.0,0.0,4.5,4.7,23168,19,2,2024-09-23 22:54:45.355034,2024-09-24
4986,PRIME LANDS RESIDENCIES PLC,PLR.N0000,15000,0.0,0.0,8.2,8.2,8.4,7.9,1727081953489,08/JUN/2021,1039584.0,128214,58,7687500000.0,0.0,8.2,8.2,128214,58,2,2024-09-23 22:54:45.355034,2024-09-24
258,PRINTCARE PLC,CARE.N0000,2,-2.5522041763341066,-1.1,42.0,43.1,42.8,42.0,1727080646443,02/MAY/1995,1024436.7,24325,33,3610600140.0,0.0,42.8,42.0,24325,33,0,2024-09-23 22:54:45.355034,2024-09-24
3815,R I L PROPERTY PLC,RIL.N0000,40,1.492537313432836,0.1,6.8,6.7,6.9,6.5,1727080729467,04/MAY/2017,380831.7,57401,23,5440000000.0,0.0,6.6,6.8,57401,23,0,2024-09-23 22:54:45.355034,2024-09-24
203,RADIANT GEMS INTERNATIONAL PLC,RGEM.N0000,21,0.0,0.0,90.3,90.3,93.3,86.1,1727081148782,01/JAN/1983,3186.0,36,6,216720000.0,0.0,93.3,90.3,36,6,0,2024-09-23 22:54:45.355034,2024-09-24
1561,RAIGAM WAYAMBA SALTERNS PLC,RWSL.N0000,168,6.349206349206349,0.4,6.7,6.3,7.0,6.5,1727081998371,29/APR/2010,248649.8,36433,18,1890789044.0,0.0,6.5,6.7,36433,18,2,2024-09-23 22:54:45.355034,2024-09-24
1485,RENUKA AGRI FOODS PLC,RAL.N0000,5,3.4482758620689653,0.1,3.0,2.9,3.1,2.8,1727081910788,04/JAN/2010,2206823.4,745312,58,2396487915.0,0.0,2.9,3.0,745312,58,0,2024-09-23 22:54:45.355034,2024-09-24
478,RENUKA CITY HOTELS PLC.,RENU.N0000,9,0.0,0.0,360.0,360.0,363.0,345.0,1727081371466,19/OCT/1992,4848.0,14,3,2520000000.0,0.0,363.0,360.0,14,3,0,2024-09-23 22:54:45.355034,2024-09-24
507,RENUKA FOODS PLC,COCO.N0000,100,2.0202020202020203,0.2,10.1,9.9,10.1,9.8,1727073956193,06/JUN/1994,47450.8,4710,9,1818053701.7,0.0,10.1,10.1,4710,9,0,2024-09-23 22:54:45.355034,2024-09-24
1521,RENUKA FOODS PLC,COCO.X0000,22,0.0,0.0,10.0,10.0,10.1,10.1,1727078630446,06/JUN/1994,232.3,23,2,73068000.0,0.0,10.1,10.0,23,2,0,2024-09-23 22:54:45.355034,2024-09-24
1481,RENUKA HOLDINGS PLC,RHL.X0000,75,6.796116504854369,0.7,11.0,10.3,11.0,10.9,1727081867163,10/MAR/2008,3020.0,275,4,266218909.0,0.0,10.9,11.0,275,4,0,2024-09-23 22:54:45.355034,2024-09-24
701,RENUKA HOLDINGS PLC,RHL.N0000,50,0.7518796992481203,0.1,13.4,13.3,13.8,12.8,1727081916809,10/MAR/2008,37519.0,2820,11,2217542831.4,0.0,12.8,13.4,2820,11,0,2024-09-23 22:54:45.355034,2024-09-24
3938,RENUKA HOTELS PLC,RCH.N0000,2,0.0,0.0,93.1,93.1,102.25,102.25,1727076682594,21/NOV/2017,511.25,5,4,3751700043.0,0.0,102.25,93.1,5,4,2,2024-09-23 22:54:45.355034,2024-09-24
1446,RESUS ENERGY PLC,HPWR.N0000,10,0.46511627906976744,0.1,21.6,21.5,22.5,21.1,1727081770438,08/OCT/2009,410095.5,18960,15,1861592263.2,0.0,22.5,21.6,18960,15,0,2024-09-23 22:54:45.355034,2024-09-24
511,RICHARD PIERIS AND COMPANY PLC,RICH.N0000,1,-1.4423076923076923,-0.3,20.5,20.8,20.9,20.2,1727081186928,01/JAN/1951,977128.2,47757,23,41718284637.5,0.0,20.2,20.5,47757,23,0,2024-09-23 22:54:45.355034,2024-09-24
164,RICHARD PIERIS EXPORTS PLC,REXP.N0000,2,4.930966469428008,18.75,399.0,380.25,399.25,376.0,1727081400798,11/OCT/1993,97784.25,248,55,4454334255.0,0.0,376.0,399.0,248,55,2,2024-09-23 22:54:45.355034,2024-09-24
503,ROYAL CERAMICS LANKA PLC,RCL.N0000,500,0.9836065573770492,0.3,30.8,30.5,31.4,29.6,1727081973734,03/MAY/1994,39052684.3,1289542,284,34123130272.0,0.0,29.8,30.8,1289542,284,0,2024-09-23 22:54:45.355034,2024-09-24
55,ROYAL PALMS BEACH HOTELS PLC,RPBH.N0000,490,1.8518518518518519,0.5,27.5,27.0,27.5,26.0,1727079218960,15/JUN/1998,39819.9,1500,9,1375000000.0,0.0,26.3,27.5,1500,9,2,2024-09-23 22:54:45.355034,2024-09-24
266,SAMPATH BANK PLC,SAMP.N0000,500,1.9283746556473829,1.4,74.0,72.6,75.0,71.0,1727081979283,10/JUN/1987,72552192.1,985394,421,86779856240.0,0.0,72.6,74.0,985394,421,0,2024-09-23 22:54:45.355034,2024-09-24
117,SAMSON INTERNATIONAL PLC,SIL.N0000,2,1.9011406844106464,2.5,134.0,131.5,134.75,134.0,1727070738412,22/MAR/1993,14341.75,107,3,567191314.0,0.0,134.0,134.0,107,3,0,2024-09-23 22:54:45.355034,2024-09-24
2147,SANASA DEVELOPMENT BANK PLC,SDB.N0000,5,0.33444816053511706,0.1,30.0,29.9,31.3,29.9,1727072078262,31/MAY/2012,21595.8,722,4,4924994820.0,0.0,29.9,30.0,722,4,0,2024-09-23 22:54:45.355034,2024-09-24
5291,SARVODAYA DEVELOPMENT FINANCE PLC,SDF.N0000,500,1.6,0.2,12.7,12.5,13.6,12.4,1727075523299,14/DEC/2021,29068.0,2307,7,1899869860.4,0.0,12.7,12.7,2307,7,0,2024-09-23 22:54:45.355034,2024-09-24
479,SATHOSA MOTORS PLC,SMOT.N0000,1,0.0,0.0,284.5,284.5,295.0,285.0,1727078737194,08/NOV/1993,5142.0,18,7,1716565459.0,0.0,295.0,284.5,18,7,2,2024-09-23 22:54:45.355034,2024-09-24
432,SERENDIB HOTELS PLC,SHOT.X0000,2950,-1.1627906976744187,-0.1,8.5,8.6,8.6,8.5,1727080455669,01/JAN/1973,93605.0,11000,6,1224375904.0,0.0,8.5,8.5,11000,6,2,2024-09-23 22:54:45.355034,2024-09-24
246,SERENDIB HOTELS PLC,SHOT.N0000,100,0.7751937984496124,0.1,13.0,12.9,13.0,12.5,1727079404146,01/JAN/1973,385868.0,29729,29,3926766376.0,0.0,12.9,13.0,29729,29,2,2024-09-23 22:54:45.355034,2024-09-24
213,SEYLAN BANK PLC,SEYB.X0000,92,0.56657223796034,0.2,35.5,35.3,36.0,33.9,1727081944845,05/JAN/1989,2912371.6,84224,40,11729569129.0,0.0,35.3,35.5,84224,40,0,2024-09-23 22:54:45.355034,2024-09-24
42,SEYLAN BANK PLC,SEYB.N0000,1000,0.22271714922049,0.1,45.0,44.9,45.3,41.3,1727081613539,05/JAN/1989,5097885.0,114211,78,13735662165.0,0.0,44.0,45.0,114211,78,0,2024-09-23 22:54:45.355034,2024-09-24
505,SEYLAN DEVELOPMENTS PLC,CSD.N0000,2112,-1.25,-0.2,15.8,16.0,16.7,15.8,1727076123459,08/FEB/1995,46202.1,2887,8,2207075108.4,0.0,16.7,15.8,2887,8,0,2024-09-23 22:54:45.355034,2024-09-24
142,SIERRA CABLES PLC,SIRA.N0000,1102,0.0,0.0,9.8,9.8,10.4,9.8,1727081579421,22/NOV/2005,305176.7,31021,25,5267621814.0,0.0,10.4,9.8,31021,25,0,2024-09-23 22:54:45.355034,2024-09-24
437,SIGIRIYA VILLAGE HOTELS PLC,SIGV.N0000,800,0.0,0.0,33.0,33.0,33.0,32.9,1727081908557,01/JAN/1980,376594.9,11415,14,297000000.0,0.0,32.9,33.0,11415,14,0,2024-09-23 22:54:45.355034,2024-09-24
512,SINGER (SRI LANKA) PLC,SINS.N0000,5000,3.3333333333333335,0.5,15.5,15.0,15.5,15.3,1727080363669,01/JAN/1981,1439156.7,92984,18,18098077636.0,0.0,15.5,15.5,92984,18,3,2024-09-23 22:54:45.355034,2024-09-24
1785,SINGER FINANCE LANKA PLC,SFIN.N0000,100,3.8461538461538463,0.6,16.2,15.6,16.2,15.4,1727070929662,17/JAN/2011,17020.0,1100,2,3273600015.0,0.0,15.4,16.2,1100,2,0,2024-09-23 22:54:45.355034,2024-09-24
3307,SINGHE HOSPITALS PLC,SINH.N0000,10,4.3478260869565215,0.1,2.4,2.3,2.5,2.3,1727079026806,21/APR/2015,141810.2,59045,9,1035122148.0,0.0,2.4,2.4,59045,9,2,2024-09-23 22:54:45.355034,2024-09-24
357,SMB FINANCE PLC,SEMB.X0000,6700,0.0,0.0,0.2,0.2,0.3,0.2,1727081734197,20/DEC/1993,37585.8,183623,9,616320742.4,0.0,0.2,0.2,183623,9,0,2024-09-23 22:54:45.355034,2024-09-24
185,SMB FINANCE PLC,SEMB.N0000,500,20.0,0.1,0.6,0.5,0.6,0.5,1727080809330,20/DEC/1993,288813.6,531356,10,3882225028.8,0.0,0.5,0.6,531356,10,0,2024-09-23 22:54:45.355034,2024-09-24
1944,SOFTLOGIC CAPITAL PLC,SCAP.N0000,100,1.694915254237288,0.1,6.0,5.9,6.3,5.6,1727081967166,21/SEP/2011,11536265.4,1945299,174,5863123200.0,0.0,5.9,6.0,1945299,174,1,2024-09-23 22:54:45.355034,2024-09-24
1849,SOFTLOGIC HOLDINGS PLC,SHL.N0000,2,1.4285714285714286,0.1,7.1,7.0,7.4,6.9,1727081513875,12/JUL/2011,236789.8,33715,23,8467056783.9,0.0,6.9,7.1,33715,23,1,2024-09-23 22:54:45.355034,2024-09-24
118,SOFTLOGIC LIFE INSURANCE PLC,AAIC.N0000,25,-2.413793103448276,-1.4,56.6,58.0,59.0,56.1,1727081747271,24/NOV/2000,2082046.5,36744,110,17908593750.0,0.0,59.0,56.6,36744,110,2,2024-09-23 22:54:45.355034,2024-09-24
556,SRI LANKA TELECOM PLC,SLTL.N0000,399,0.8680555555555556,0.5,58.1,57.6,58.5,55.0,1727081998286,14/JAN/2003,5348321.5,94717,132,104862366000.0,0.0,57.0,58.1,94717,132,3,2024-09-23 22:54:45.355034,2024-09-24
238,SUNSHINE HOLDINGS PLC,SUN.N0000,310,-0.8547008547008547,-0.5,58.0,58.5,59.6,57.4,1727081104413,01/JAN/1983,13996858.2,241043,107,28534470482.0,0.0,58.0,58.0,241043,107,0,2024-09-23 22:54:45.355034,2024-09-24
119,SWISSTEK (CEYLON) PLC,PARQ.N0000,200,0.0,0.0,20.0,20.0,21.9,19.0,1727081991613,01/JAN/1983,3873464.4,190949,96,2737200000.0,0.0,19.3,20.0,190949,96,0,2024-09-23 22:54:45.355034,2024-09-24
468,TAL LANKA HOTELS PLC,TAJ.N0000,560,-5.347593582887701,-1.0,17.7,18.7,17.7,17.7,1727066001234,01/JAN/1982,17700.0,1000,3,2471583643.8,0.0,17.7,17.7,1000,3,2,2024-09-23 22:54:45.355034,2024-09-24
477,TALAWAKELLE TEA ESTATES PLC,TPL.N0000,16,0.2066115702479339,0.25,121.25,121.0,121.5,120.0,1727081797772,11/JAN/2000,900279.0,7425,20,5759375000.0,0.0,120.0,121.25,7425,20,0,2024-09-23 22:54:45.355034,2024-09-24
482,TANGERINE BEACH HOTELS PLC,TANG.N0000,1,0.0,0.0,60.8,60.8,63.0,63.0,1727068916377,01/JAN/1983,63.0,1,1,1216000000.0,0.0,63.0,60.8,1,1,0,2024-09-23 22:54:45.355034,2024-09-24
484,TEA SMALLHOLDER FACTORIES PLC,TSML.N0000,1,0.0,0.0,39.9,39.9,39.0,39.0,1727071140775,01/AUG/1996,39.0,1,1,1197000000.0,0.0,39.0,39.9,1,1,0,2024-09-23 22:54:45.355034,2024-09-24
1854,TEEJAY LANKA PLC,TJL.N0000,3808,2.5906735751295336,1.0,39.6,38.6,40.0,39.0,1727081925473,09/AUG/2011,12505613.0,317817,36,28569726424.8,0.0,39.0,39.6,317817,36,0,2024-09-23 22:54:45.355034,2024-09-24
2997,TESS AGRO PLC,TESS.X0000,10000,0.0,0.0,0.6,0.6,0.6,0.6,1727071923127,31/DEC/2002,13800.0,23000,4,40000000.2,0.0,0.6,0.6,23000,4,1,2024-09-23 22:54:45.355034,2024-09-24
4,TESS AGRO PLC,TESS.N0000,1,0.0,0.0,1.1,1.1,1.1,1.0,1727080793143,31/DEC/2002,118833.1,114121,20,744769353.9,0.0,1.1,1.1,114121,20,1,2024-09-23 22:54:45.355034,2024-09-24
414,THE FORTRESS RESORTS PLC,RHTL.N0000,64,4.639175257731959,0.9,20.3,19.4,21.8,20.0,1727079355805,30/MAR/1999,48058.8,2374,17,2250999685.2,0.0,20.0,20.3,2374,17,2,2024-09-23 22:54:45.355034,2024-09-24
329,THE KANDY HOTELS COMPANY (1938) PLC,KHC.N0000,5,0.0,0.0,7.4,7.4,7.4,7.3,1727068632042,01/JAN/1970,146.5,20,2,5581888472.2,0.0,7.3,7.4,20,2,3,2024-09-23 22:54:45.355034,2024-09-24
253,THE KINGSBURY PLC,SERV.N0000,2907,2.0833333333333335,0.2,9.8,9.6,9.9,9.5,1727081652753,01/JAN/1982,494808.4,50792,23,4743200000.0,0.0,9.9,9.8,50792,23,0,2024-09-23 22:54:45.355034,2024-09-24
40,THE LANKA HOSPITALS CORPORATION PLC,LHCL.N0000,25,-2.677376171352075,-2.0,72.7,74.7,74.8,70.0,1727081692753,10/JAN/2003,2505854.5,35500,42,16265328686.3,0.0,72.3,72.7,35500,42,0,2024-09-23 22:54:45.355034,2024-09-24
317,THE  LIGHTHOUSE  HOTEL  PLC,LHL.N0000,2200,2.6252983293556085,1.1,43.0,41.9,46.4,41.5,1727071268483,29/AUG/1997,284260.2,6768,4,1978000000.0,0.0,41.5,43.0,6768,4,2,2024-09-23 22:54:45.355034,2024-09-24
93,THREE ACRE FARMS PLC,TAFL.N0000,200,-0.08620689655172414,-0.25,289.75,290.0,289.75,283.0,1727081915507,20/MAR/1995,1014376.5,3537,33,6822163750.0,0.0,285.75,289.75,3537,33,0,2024-09-23 22:54:45.355034,2024-09-24
411,TOKYO CEMENT COMPANY (LANKA) PLC,TKYO.N0000,10,2.3255813953488373,1.0,44.0,43.0,44.5,42.0,1727081988120,01/JAN/1984,1661483.0,39098,37,12937320000.0,0.0,42.5,44.0,39098,37,0,2024-09-23 22:54:45.355034,2024-09-24
15,TOKYO CEMENT COMPANY (LANKA) PLC,TKYO.X0000,2,1.0335917312661498,0.4,39.1,38.7,39.9,38.0,1727076123716,01/JAN/1984,1239800.8,32052,20,5748286500.0,0.0,38.5,39.1,32052,20,0,2024-09-23 22:54:45.355034,2024-09-24
5732,UB FINANCE PLC,UBF.N0000,2,-14.285714285714286,-0.1,0.6,0.7,0.7,0.6,1727065495770,14/AUG/2023,127201.4,212002,5,1907091220.2,0.0,0.6,0.6,212002,5,2,2024-09-23 22:54:45.355034,2024-09-24
561,UDAPUSSELLAWA  PLANTATIONS PLC,UDPL.N0000,1,0.535475234270415,0.4,75.1,74.7,75.2,72.6,1727071116235,04/MAY/1998,33712.2,449,4,1456853635.0,0.0,75.0,75.1,449,4,3,2024-09-23 22:54:45.355034,2024-09-24
425,UNION ASSURANCE PLC,UAL.N0000,10,1.7467248908296944,0.8,46.6,45.8,48.2,45.1,1727078568883,29/JUL/1988,89017.0,1935,13,27460714552.0,0.0,45.2,46.6,1935,13,2,2024-09-23 22:54:45.355034,2024-09-24
1790,UNION BANK OF COLOMBO PLC,UBC.N0000,25,-2.1739130434782608,-0.2,9.0,9.2,9.1,8.7,1727081994404,29/MAR/2011,1075850.0,121995,26,9752025042.0,0.0,9.0,9.0,121995,26,0,2024-09-23 22:54:45.355034,2024-09-24
278,UNION CHEMICALS LANKA PLC,UCAR.N0000,2,0.0,0.0,615.5,615.5,615.0,610.0,1727080553695,01/AUG/1988,7370.0,12,3,923250000.0,0.0,610.0,615.5,12,3,0,2024-09-23 22:54:45.355034,2024-09-24
262,UNITED MOTORS LANKA PLC,UML.N0000,5,0.0,0.0,68.0,68.0,68.0,67.2,1727081345160,05/DEC/1989,1219.0,18,5,6861242568.0,0.0,68.0,68.0,18,5,0,2024-09-23 22:54:45.355034,2024-09-24
1563,VALLIBEL FINANCE PLC,VFIN.N0000,721,3.287671232876712,1.2,37.7,36.5,38.1,36.3,1727080874889,04/MAY/2010,1394766.4,36987,34,8876593180.0,0.0,36.4,37.7,36987,34,0,2024-09-23 22:54:45.355034,2024-09-24
1848,VALLIBEL ONE PLC,VONE.N0000,235,3.2710280373831777,1.4,44.2,42.8,44.8,41.7,1727081251156,08/JUL/2011,39050414.0,897107,286,50340071464.8,0.0,42.5,44.2,897107,286,2,2024-09-23 22:54:45.355034,2024-09-24
473,VALLIBEL POWER ERATHNA PLC,VPEL.N0000,1000,1.1235955056179776,0.1,9.0,8.9,9.0,8.5,1727081913300,16/MAY/2006,5684442.0,641237,128,6723987579.0,0.0,8.8,9.0,641237,128,0,2024-09-23 22:54:45.355034,2024-09-24
5005,VIDULLANKA PLC,VLL.X0000,7,6.172839506172839,0.5,8.6,8.1,9.0,8.5,1727072317890,10/JUN/2005,232034.5,26107,6,622589139.6,0.0,9.0,8.6,26107,6,2,2024-09-23 22:54:45.355034,2024-09-24
300,VIDULLANKA PLC,VLL.N0000,1988,1.6260162601626016,0.2,12.5,12.3,12.7,11.7,1727081970327,10/JUN/2005,793668.1,67250,29,10891449500.0,0.0,12.5,12.5,67250,29,2,2024-09-23 22:54:45.355034,2024-09-24
1971,WASKADUWA BEACH RESORT PLC,CITW.N0000,1366,4.761904761904762,0.1,2.2,2.1,2.2,2.0,1727081202013,03/JAN/2012,368524.6,171483,26,2060704773.6,0.0,2.0,2.2,171483,26,2,2024-09-23 22:54:45.355034,2024-09-24
148,WATAWALA  PLANTATIONS  PLC,WATA.N0000,1,0.33860045146726864,0.3,88.9,88.6,89.0,86.0,1727081994335,01/DEC/1997,2390820.2,26985,46,18074137473.7,0.0,87.1,88.9,26985,46,0,2024-09-23 22:54:45.355034,2024-09-24
4887,WINDFORCE PLC,WIND.N0000,45,-0.5076142131979695,-0.1,19.6,19.7,20.1,19.2,1727078851823,22/APR/2021,916252.9,46955,51,26475071263.2,0.0,19.7,19.6,46955,51,0,2024-09-23 22:54:45.355034,2024-09-24
180,YORK ARCADE HOLDINGS PLC,YORK.N0000,3,0.0,0.0,135.0,135.0,131.0,131.0,1727076090924,01/MAY/1985,393.0,3,1,101250000.0,0.0,131.0,135.0,3,1,0,2024-09-23 22:54:45.355034,2024-09-24
