id,name,symbol,quantity,percentageChange,change,price,previousClose,high,low,lastTradedTime,issueDate,turnover,sharevolume,tradevolume,marketCap,marketCapPercentage,open,closingPrice,crossingVolume,crossingTradeVol,status,Scrape_time,Date
204,ABANS ELECTRICALS PLC,ABAN.N0000,10,0.0,0.0,369.25,369.25,384.0,369.0,1745382042419,01/JAN/1984,9375.0,25,3,1887074280.0,0.0,369.0,369.25,25,3,0,2025-04-23 12:35:35.815785+00:00,2025-04-23
1845,ABANS FINANCE PLC,AFSL.N0000,1,0.0,0.0,45.9,45.9,44.5,44.5,1745390358092,27/JUN/2011,445.0,10,2,3382516548.9,0.0,44.5,45.9,10,2,3,2025-04-23 12:35:35.815785+00:00,2025-04-23
2065,ACCESS ENGINEERING PLC,AEL.N0000,178,0.7874015748031497,0.3,38.4,38.1,39.0,38.1,1745398779915,27/MAR/2012,1749587.6,45648,48,38400000000.0,0.0,39.0,38.4,45648,48,0,2025-04-23 12:35:35.815785+00:00,2025-04-23
472,ACL CABLES PLC,ACL.N0000,6,0.0,0.0,122.5,122.5,123.0,122.0,1745398570018,01/JAN/1976,4094087.25,33483,32,29347903200.0,0.0,123.0,122.5,33483,32,0,2025-04-23 12:35:35.815785+00:00,2025-04-23
406,ACL PLASTICS PLC,APLA.N0000,11,0.0,0.0,615.0,615.0,615.0,613.0,1745398187432,05/APR/1995,166028.0,270,11,2590687500.0,0.0,615.0,615.0,270,11,0,2025-04-23 12:35:35.815785+00:00,2025-04-23
554,ACME PRINTING & PACKAGING PLC,ACME.N0000,1000,-2.380952380952381,-0.1,4.1,4.2,4.1,4.1,1745395604362,01/JAN/1956,4120.5,1005,3,389500000.0,0.0,4.1,4.1,1005,3,1,2025-04-23 12:35:35.815785+00:00,2025-04-23
163,AGALAWATTE  PLANTATIONS  PLC,AGAL.N0000,1000,-0.45248868778280543,-0.2,44.0,44.2,44.8,43.8,1745398038932,22/JAN/1996,124530.5,2813,13,6875000000.0,0.0,44.5,44.0,2813,13,0,2025-04-23 12:35:35.815785+00:00,2025-04-23
2026,AGSTAR PLC,AGST.N0000,772,0.0,0.0,7.4,7.4,7.5,7.3,1745398800355,16/FEB/2012,745339.1,101764,20,3413542041.0,0.0,7.5,7.4,101764,20,2,2025-04-23 12:35:35.815785+00:00,2025-04-23
144,AITKEN SPENCE HOTEL HOLDINGS PLC,AHUN.N0000,1,0.0,0.0,77.8,77.8,79.0,78.5,1745398203917,01/JAN/1980,1183.9,15,5,26163362778.0,0.0,79.0,77.8,15,5,0,2025-04-23 12:35:35.815785+00:00,2025-04-23
343,AITKEN SPENCE PLC,SPEN.N0000,10,0.4032258064516129,0.5,124.5,124.0,126.0,124.5,1745398388179,01/JAN/1983,719392.25,5777,12,50546507602.5,0.0,126.0,124.5,5777,12,0,2025-04-23 12:35:35.815785+00:00,2025-04-23
395,ALLIANCE FINANCE COMPANY PLC,ALLI.N0000,200,0.39473684210526316,0.75,190.75,190.0,191.25,189.0,1745398044681,01/JAN/1959,3434413.75,18072,50,6427512000.0,0.0,190.0,190.75,18072,50,0,2025-04-23 12:35:35.815785+00:00,2025-04-23
3082,ALUMEX PLC,ALUM.N0000,3423,0.6451612903225806,0.1,15.6,15.5,15.8,15.5,1745398480072,31/MAR/2014,20104161.9,1281113,131,9338248608.0,0.0,15.5,15.6,1281113,131,2,2025-04-23 12:35:35.815785+00:00,2025-04-23
3046,AMANA BANK PLC,ABL.N0000,11,-1.3100436681222707,-0.3,22.6,22.9,22.8,22.6,1745398593008,29/JAN/2014,968151.3,42781,21,12455441859.6,0.0,22.8,22.6,42781,21,0,2025-04-23 12:35:35.815785+00:00,2025-04-23
364,AMANA TAKAFUL PLC,ATL.N0000,5,-3.10077519379845,-0.4,12.5,12.9,13.0,12.4,1745395226676,27/NOV/2006,38554.0,3085,14,2545383037.5,0.0,12.9,12.5,3085,14,2,2025-04-23 12:35:35.815785+00:00,2025-04-23
2145,AMBEON CAPITAL PLC,TAP.N0000,4000,-1.8518518518518519,-0.5,26.5,27.0,26.8,26.0,1745398516648,17/MAY/2012,951551.9,36238,40,26572207597.5,0.0,26.8,26.5,36238,40,2,2025-04-23 12:35:35.815785+00:00,2025-04-23
121,AMBEON HOLDINGS PLC,GREG.N0000,125,-1.9975031210986267,-1.6,78.5,80.1,81.0,78.5,1745398747750,01/JAN/1970,362903.2,4536,20,28014268781.0,0.0,80.3,78.5,4536,20,2,2025-04-23 12:35:35.815785+00:00,2025-04-23
3244,ARPICO INSURANCE PLC,AINS.N0000,15,0.0,0.0,24.9,24.9,24.9,24.9,1745398685984,16/JAN/2015,373.5,15,1,1649137134.3,0.0,24.9,24.9,15,1,2,2025-04-23 12:35:35.815785+00:00,2025-04-23
2025,ASIA ASSET FINANCE PLC,AAF.N0000,248,0.3401360544217687,0.1,29.5,29.4,30.2,29.5,1745398656586,12/JAN/2012,3408000.4,114059,66,3663768223.5,0.0,29.5,29.5,114059,66,0,2025-04-23 12:35:35.815785+00:00,2025-04-23
160,ASIA CAPITAL PLC,ACAP.N0000,800,-2.5641025641025643,-0.1,3.8,3.9,4.0,3.8,1745393677251,22/SEP/1994,5708.0,1467,4,499053981.0,0.0,4.0,3.8,1467,4,1,2025-04-23 12:35:35.815785+00:00,2025-04-23
2209,ASIA SIYAKA COMMODITIES LIMITED,ASIY.N0000,100,0.0,0.0,6.0,6.0,6.1,6.0,1745397103915,12/SEP/2012,12511.7,2058,6,1560000000.0,0.0,6.1,6.0,2058,6,2,2025-04-23 12:35:35.815785+00:00,2025-04-23
143,ASIAN HOTELS AND PROPERTIES PLC,AHPL.N0000,845,0.5802707930367504,0.3,52.0,51.7,53.0,51.7,1745398402892,30/JAN/2004,762846.9,14736,35,23024315600.0,0.0,53.0,52.0,14736,35,0,2025-04-23 12:35:35.815785+00:00,2025-04-23
240,ASIRI SURGICAL HOSPITAL PLC,AMSL.N0000,100,-0.8849557522123894,-0.1,11.2,11.3,11.4,11.1,1745393479627,12/NOV/2004,6160.4,550,8,5918724504.0,0.0,11.4,11.2,550,8,1,2025-04-23 12:35:35.815785+00:00,2025-04-23
225,ASIRI HOSPITAL HOLDINGS PLC,ASIR.N0000,2820,-0.7633587786259542,-0.2,26.0,26.2,26.5,25.7,1745388944468,01/JUN/1986,87202.0,3350,8,29575873496.0,0.0,26.5,26.0,3350,8,1,2025-04-23 12:35:35.815785+00:00,2025-04-23
1844,ASSOCIATED MOTOR FINANCE COMPANY PLC,AMF.N0000,1799,-0.8746355685131195,-0.3,34.0,34.3,34.8,34.0,1745397779631,23/JUN/2011,617445.8,18102,22,3853127112.0,0.0,34.0,34.0,18102,22,2,2025-04-23 12:35:35.815785+00:00,2025-04-23
5753,Agarapatana Plantations PLC,AGPL.N0000,1500,2.9197080291970803,0.4,14.1,13.7,14.4,13.7,1745398800604,04/SEP/2023,23387299.5,1668097,286,7050000000.0,0.0,13.7,14.1,1668097,286,2,2025-04-23 12:35:35.815785+00:00,2025-04-23
3794,B P P L HOLDINGS PLC,BPPL.N0000,30,-1.0638297872340425,-0.2,18.6,18.8,18.7,18.6,1745398516804,04/APR/2017,4130.2,222,8,5707286440.2,0.0,18.7,18.6,222,8,2,2025-04-23 12:35:35.815785+00:00,2025-04-23
188,BAIRAHA FARMS PLC,BFL.N0000,2000,-1.8181818181818181,-3.0,162.0,165.0,165.0,162.0,1745398009606,05/DEC/1994,1217258.5,7456,20,2851200000.0,0.0,163.0,162.0,7456,20,0,2025-04-23 12:35:35.815785+00:00,2025-04-23
193,BALANGODA  PLANTATIONS  PLC,BALA.N0000,1,-0.29239766081871343,-0.2,68.2,68.4,68.9,67.2,1745396526891,03/JUN/1998,179361.0,2624,20,3223999913.2,0.0,68.5,68.2,2624,20,0,2025-04-23 12:35:35.815785+00:00,2025-04-23
3080,BANSEI ROYAL RESORTS HIKKADUWA PLC,BRR.N0000,150,0.0,0.0,18.1,18.1,18.1,18.1,1745398418800,27/MAR/2014,7964.0,440,3,972476800.0,0.0,18.1,18.1,440,3,2,2025-04-23 12:35:35.815785+00:00,2025-04-23
2188,BERUWALA RESORTS PLC,BERU.N0000,35,2.7777777777777777,0.1,3.7,3.6,3.7,3.7,1745398388687,04/JUL/2012,763358.1,206313,20,2592013891.5,0.0,3.7,3.7,206313,20,2,2025-04-23 12:35:35.815785+00:00,2025-04-23
189,BOGALA GRAPHITE LANKA PLC,BOGA.N0000,300,0.0,0.0,55.0,55.0,55.0,55.0,1745393362843,08/MAY/1992,129305.0,2351,5,5204809720.0,0.0,55.0,55.0,2351,5,2,2025-04-23 12:35:35.815785+00:00,2025-04-23
34,BOGAWANTALAWA TEA ESTATES PLC,BOPL.N0000,5,0.17889087656529518,0.1,56.0,55.9,56.0,54.3,1745398172271,08/DEC/1995,228949.7,4210,11,4690000000.0,0.0,54.3,56.0,4210,11,2,2025-04-23 12:35:35.815785+00:00,2025-04-23
25,BROWN & COMPANY PLC,BRWN.N0000,10,1.1510791366906474,2.0,175.75,173.75,178.75,173.0,1745395733680,25/APR/1991,2778289.75,15852,60,37368843750.0,0.0,174.0,175.75,15852,60,2,2025-04-23 12:35:35.815785+00:00,2025-04-23
128,BROWNS BEACH HOTELS PLC,BBH.N0000,10,0.0,0.0,17.3,17.3,17.8,17.0,1745395291356,22/FEB/1993,9416.0,536,8,2242080000.0,0.0,17.8,17.3,536,8,1,2025-04-23 12:35:35.815785+00:00,2025-04-23
1851,BROWNS INVESTMENTS PLC,BIL.N0000,500,0.0,0.0,7.4,7.4,7.6,7.4,1745398791865,26/JUL/2011,33522096.7,4473121,303,106335909204.0,0.0,7.5,7.4,4473121,303,2,2025-04-23 12:35:35.815785+00:00,2025-04-23
165,BUKIT DARAH PLC,BUKI.N0000,1,2.451518477863154,16.75,700.0,683.25,700.0,678.0,1745396070965,01/JAN/1970,5073871.5,7266,14,71400000000.0,0.0,678.0,700.0,7266,14,0,2025-04-23 12:35:35.815785+00:00,2025-04-23
510,C T HOLDINGS PLC,CTHR.N0000,1,0.0,0.0,386.5,386.5,387.0,372.25,1745395811772,01/JAN/1928,1876.0,5,2,77843796997.0,0.0,372.25,386.5,5,2,0,2025-04-23 12:35:35.815785+00:00,2025-04-23
520,C T LAND DEVELOPMENT PLC,CTLD.N0000,15,-2.4390243902439024,-0.6,24.0,24.6,25.0,24.0,1745398746192,22/MAR/1988,46024.1,1917,11,1950000000.0,0.0,24.0,24.0,1917,11,2,2025-04-23 12:35:35.815785+00:00,2025-04-23
335,C. W. MACKIE PLC,CWM.N0000,3,-1.4018691588785046,-1.5,105.5,107.0,109.5,105.0,1745395658874,09/JAN/1995,505544.5,4788,43,3796792658.0,0.0,107.25,105.5,4788,43,2,2025-04-23 12:35:35.815785+00:00,2025-04-23
6052,CABLE SOLUTIONS PLC,CSLK.N0000,50,0.0,0.0,10.8,10.8,11.0,10.6,1745398778282,14/AUG/2024,294359.5,27323,37,5083199280.0,0.0,10.9,10.8,27323,37,2,2025-04-23 12:35:35.815785+00:00,2025-04-23
6297,CAL FIVE YEAR CLOSED END FUND (“Units”),CALC.U0000,5,0.0,0.0,14.1,14.1,14.8,14.8,1745381320220,20/MAR/2025,148.0,10,2,12900448788.6,0.0,14.8,14.1,10,2,0,2025-04-23 12:35:35.815785+00:00,2025-04-23
5892,CAL FIVE YEAR OPTIMUM FUND (“Units”),CALI.U0000,4,0.0,0.0,14.0,14.0,13.9,13.9,1745382466113,01/FEB/2024,55.6,4,1,2714661992.0,0.0,13.9,14.0,4,1,4,2025-04-23 12:35:35.815785+00:00,2025-04-23
5293,CAPITAL ALLIANCE PLC,CALT.N0000,1,-0.9157509157509157,-0.5,54.1,54.6,55.0,54.0,1745398413778,15/DEC/2021,3949455.3,72907,116,17821507524.4,0.0,55.0,54.1,72907,116,2,2025-04-23 12:35:35.815785+00:00,2025-04-23
551,CARGILLS (CEYLON) PLC,CARG.N0000,3,0.0,0.0,455.0,455.0,454.5,454.5,1745393268645,01/JAN/1946,1363.5,3,1,117243367605.0,0.0,454.5,455.0,3,1,0,2025-04-23 12:35:35.815785+00:00,2025-04-23
5852,CARGILLS BANK PLC,CBNK.N0000,150,0.0,0.0,8.2,8.2,8.2,8.1,1745398036903,09/JAN/2024,59613.1,7333,12,7754271435.6,0.0,8.2,8.2,7333,12,0,2025-04-23 12:35:35.815785+00:00,2025-04-23
22,CARGO BOAT DEVELOPMENT COMPANY PLC,CABO.N0000,126,0.0,0.0,80.0,80.0,80.0,80.0,1745397133614,01/JAN/1981,120080.0,1501,3,1442559600.0,0.0,80.0,80.0,1501,3,0,2025-04-23 12:35:35.815785+00:00,2025-04-23
336,CARSON CUMBERBATCH PLC,CARS.N0000,10,0.0,0.0,449.75,449.75,450.0,435.25,1745391241410,01/JAN/1967,38465.0,88,5,88325014571.5,0.0,450.0,449.75,88,5,0,2025-04-23 12:35:35.815785+00:00,2025-04-23
447,CENTRAL FINANCE COMPANY PLC,CFIN.N0000,3000,-1.2738853503184713,-2.5,193.75,196.25,199.0,193.25,1745398800579,01/JAN/1969,11556631.25,59406,99,44049927012.5,0.0,199.0,193.75,59406,99,0,2025-04-23 12:35:35.815785+00:00,2025-04-23
224,CENTRAL INDUSTRIES PLC,CIND.N0000,2,-1.5570934256055364,-2.25,142.25,144.5,145.0,142.25,1745398705173,14/AUG/1990,1091066.75,7633,35,3441766204.25,0.0,144.5,142.25,7633,35,0,2025-04-23 12:35:35.815785+00:00,2025-04-23
981,CEYLINCO HOLDINGS PLC,CINS.X0000,6,0.0,0.0,1280.0,1280.0,1300.0,1299.0,1745394371363,21/APR/1988,15592.0,12,4,8210534400.0,0.0,1300.0,1280.0,12,4,0,2025-04-23 12:35:35.815785+00:00,2025-04-23
560,CEYLON BEVERAGE HOLDINGS PLC,BREW.N0000,1,0.0,0.0,2593.0,2593.0,2593.0,2562.0,1745395055055,01/JAN/1970,134774.0,52,3,54422117370.0,0.0,2593.0,2593.0,52,3,2,2025-04-23 12:35:35.815785+00:00,2025-04-23
426,CEYLON COLD STORES PLC,CCS.N0000,2508,0.8235294117647058,0.7,85.7,85.0,85.9,84.9,1745396881236,01/JAN/1970,27403263.9,320853,48,81449280000.0,0.0,85.8,85.7,320853,48,0,2025-04-23 12:35:35.815785+00:00,2025-04-23
74,CEYLON GRAIN ELEVATORS PLC,GRAN.N0000,148,0.7989347536617842,1.5,189.25,187.75,191.5,185.0,1745397283025,01/JAN/1984,37448720.0,201357,89,11355000000.0,0.0,191.5,189.25,201357,89,0,2025-04-23 12:35:35.815785+00:00,2025-04-23
196,CEYLON GUARDIAN INVESTMENT TRUST PLC,GUAR.N0000,3,-2.5641025641025643,-4.0,152.0,156.0,154.75,151.0,1745395711339,01/JAN/1951,83294.0,548,5,12168814632.0,0.0,151.0,152.0,548,5,0,2025-04-23 12:35:35.815785+00:00,2025-04-23
453,CEYLON HOSPITALS PLC,CHL.X0000,25,-0.4830917874396135,-0.5,103.0,103.5,103.0,103.0,1745383037142,14/NOV/2003,14008.0,136,3,1043777795.0,0.0,103.0,103.0,136,3,0,2025-04-23 12:35:35.815785+00:00,2025-04-23
264,CEYLON HOSPITALS PLC,CHL.N0000,343,-0.39215686274509803,-0.5,127.0,127.5,127.0,126.5,1745389748950,14/NOV/2003,126937.5,1000,5,4033865821.0,0.0,126.5,127.0,1000,5,0,2025-04-23 12:35:35.815785+00:00,2025-04-23
383,CEYLON HOTELS CORPORATION PLC,CHOT.N0000,50,3.9130434782608696,0.9,23.9,23.0,23.9,23.6,1745396511348,01/JAN/1967,49027.8,2052,6,4302739513.8,0.0,23.9,23.9,2052,6,0,2025-04-23 12:35:35.815785+00:00,2025-04-23
133,CEYLON INVESTMENT PLC,CINV.N0000,4,-0.27586206896551724,-0.2,72.3,72.5,73.0,72.1,1745395703113,01/JAN/1949,538464.2,7439,15,7027613718.9,0.0,73.0,72.3,7439,15,0,2025-04-23 12:35:35.815785+00:00,2025-04-23
461,CEYLON LAND & EQUITY PLC,KZOO.N0000,8967,1.1764705882352942,0.1,8.6,8.5,8.7,8.5,1745398696684,01/JAN/1958,2589357.5,301088,13,2640873956.2,0.0,8.5,8.6,301088,13,0,2025-04-23 12:35:35.815785+00:00,2025-04-23
1522,CEYLON TEA BROKERS PLC,CTBL.N0000,97,-2.985074626865672,-0.2,6.5,6.7,6.6,6.5,1745398536049,16/MAR/2010,169158.9,26021,15,1185600000.0,0.0,6.6,6.5,26021,15,2,2025-04-23 12:35:35.815785+00:00,2025-04-23
381,CEYLON TOBACCO COMPANY PLC,CTC.N0000,9836,-0.27906976744186046,-3.75,1340.0,1343.75,1365.0,1339.75,1745398696314,01/JAN/1955,63700039.5,47534,64,251013826340.0,0.0,1343.0,1340.0,47534,64,0,2025-04-23 12:35:35.815785+00:00,2025-04-23
529,CHEMANEX PLC,CHMX.N0000,2,0.8741258741258742,1.25,144.25,143.0,145.75,144.0,1745398253757,01/JAN/1974,17612.0,122,7,2265779756.0,0.0,145.5,144.25,122,7,0,2025-04-23 12:35:35.815785+00:00,2025-04-23
131,CHEVRON LUBRICANTS  LANKA  PLC,LLUB.N0000,5,0.0,0.0,142.0,142.0,142.0,141.0,1745398665818,14/OCT/1996,4299214.75,30335,104,34080000000.0,0.0,141.75,142.0,30335,104,0,2025-04-23 12:35:35.815785+00:00,2025-04-23
4966,CHRISSWORLD PLC,CWL.N0000,100,0.0,0.0,10.4,10.4,10.4,9.8,1745388968448,18/MAY/2021,10961.0,1100,7,312000000.0,0.0,10.1,10.4,1100,7,5,2025-04-23 12:35:35.815785+00:00,2025-04-23
328,C I C HOLDINGS PLC,CIC.X0000,1108,-1.1264080100125156,-0.9,79.0,79.9,81.0,78.7,1745395592458,11/OCT/1964,5234188.6,65721,59,6910920000.0,0.0,80.0,79.0,65721,59,0,2025-04-23 12:35:35.815785+00:00,2025-04-23
162,C I C HOLDINGS PLC,CIC.N0000,5000,0.0,0.0,114.5,114.5,115.0,114.0,1745398601708,11/OCT/1964,1761797.0,15382,17,33388200000.0,0.0,115.0,114.5,15382,17,0,2025-04-23 12:35:35.815785+00:00,2025-04-23
1630,CITIZENS DEVELOPMENT BUSINESS FINANCE PLC,CDB.N0000,179,-3.0927835051546393,-7.5,235.0,242.5,243.75,233.75,1745392360969,06/OCT/2010,127849.75,544,11,14233276490.0,0.0,234.0,235.0,544,11,0,2025-04-23 12:35:35.815785+00:00,2025-04-23
1858,CITIZENS DEVELOPMENT BUSINESS FINANCE PLC,CDB.X0000,5,0.5547850208044383,1.0,181.25,180.25,184.0,180.75,1745397963276,06/OCT/2010,4811111.5,26570,26,1874789825.0,0.0,180.75,181.25,26570,26,0,2025-04-23 12:35:35.815785+00:00,2025-04-23
101,CITRUS LEISURE PLC,REEF.N0000,2,0.0,0.0,4.0,4.0,4.1,3.9,1745396343353,01/JAN/1984,489069.3,124296,15,2582338708.0,0.0,4.1,4.0,124296,15,0,2025-04-23 12:35:35.815785+00:00,2025-04-23
5353,Co-operative Insurance Company PLC,COOP.N0000,1000,0.0,0.0,2.9,2.9,3.0,2.8,1745397475963,30/DEC/2021,307470.2,107127,30,4791315040.0,0.0,3.0,2.9,107127,30,2,2025-04-23 12:35:35.815785+00:00,2025-04-23
44,COLOMBO CITY HOLDINGS PLC,PHAR.N0000,1,0.16666666666666666,0.1,60.1,60.0,62.7,60.1,1745393309614,01/JAN/1949,30253.9,503,8,1529974114.0,0.0,60.7,60.1,503,8,0,2025-04-23 12:35:35.815785+00:00,2025-04-23
267,COLOMBO DOCKYARD PLC,DOCK.N0000,1,-1.2430939226519337,-0.9,71.5,72.4,72.9,68.6,1745395578019,01/JAN/1983,1116551.9,15718,34,5137913066.0,0.0,71.5,71.5,15718,34,1,2025-04-23 12:35:35.815785+00:00,2025-04-23
277,COLOMBO INVESTMENT TRUST PLC,CIT.N0000,75,0.0,0.0,110.25,110.25,110.25,110.25,1745383767902,01/JUN/1987,8268.75,75,1,782400150.0,0.0,110.25,110.25,75,1,2,2025-04-23 12:35:35.815785+00:00,2025-04-23
378,COLOMBO LAND AND DEVELOPMENT COMPANY PLC,CLND.N0000,200,-5.286343612334802,-1.2,21.5,22.7,22.0,21.3,1745398762070,19/MAR/1986,569063.9,26042,42,4297441672.0,0.0,22.0,21.5,26042,42,0,2025-04-23 12:35:35.815785+00:00,2025-04-23
208,COMMERCIAL BANK OF CEYLON PLC,COMB.N0000,800,-0.36496350364963503,-0.5,136.5,137.0,137.5,136.0,1745398754288,01/JAN/1970,6654340.0,48646,160,209291914240.5,0.0,137.5,136.5,48646,160,0,2025-04-23 12:35:35.815785+00:00,2025-04-23
396,COMMERCIAL BANK OF CEYLON PLC,COMB.X0000,30,0.4608294930875576,0.5,109.0,108.5,109.75,108.5,1745398739007,01/JAN/1970,3329173.25,30541,67,10501243665.0,0.0,109.0,109.0,30541,67,0,2025-04-23 12:35:35.815785+00:00,2025-04-23
1798,COMMERCIAL CREDIT AND FINANCE PLC,COCR.N0000,200,0.1497005988023952,0.1,66.9,66.8,67.5,66.1,1745398507829,01/JUN/2011,55632725.0,830257,186,21279175018.5,0.0,66.8,66.9,830257,186,2,2025-04-23 12:35:35.815785+00:00,2025-04-23
490,COMMERCIAL DEVELOPMENT COMPANY PLC,COMD.N0000,162,0.0,0.0,137.0,137.0,138.0,137.0,1745396696037,01/JAN/1983,180281.0,1315,7,1644000000.0,0.0,138.0,137.0,1315,7,2,2025-04-23 12:35:35.815785+00:00,2025-04-23
168,CONVENIENCE FOODS LANKA PLC,SOY.N0000,2,0.0,0.0,1385.25,1385.25,1389.0,1350.25,1745389085302,13/MAY/1992,16396.75,12,4,3809437500.0,0.0,1389.0,1385.25,12,4,0,2025-04-23 12:35:35.815785+00:00,2025-04-23
123,DANKOTUWA PORCELAIN PLC,DPL.N0000,10,-0.45454545454545453,-0.1,21.9,22.0,22.8,21.9,1745397231389,21/FEB/1995,285686.5,13032,16,3559908948.0,0.0,22.1,21.9,13032,16,2,2025-04-23 12:35:35.815785+00:00,2025-04-23
239,DFCC BANK PLC,DFCC.N0000,1,-0.9615384615384616,-1.0,103.0,104.0,104.5,103.0,1745398565711,01/JAN/1956,12692660.5,123008,116,45155637750.0,0.0,104.5,103.0,123008,116,0,2025-04-23 12:35:35.815785+00:00,2025-04-23
471,DIALOG AXIATA PLC,DIAL.N0000,1,-0.7194244604316546,-0.1,13.8,13.9,14.0,13.8,1745398601171,28/JUL/2005,4512994.1,326571,86,126964622917.2,0.0,14.0,13.8,326571,86,0,2025-04-23 12:35:35.815785+00:00,2025-04-23
375,DIESEL & MOTOR ENGINEERING PLC,DIMO.N0000,1,0.0,0.0,1037.5,1037.5,1015.25,1010.25,1745397862026,01/JAN/1964,44529.75,44,11,9577675025.0,0.0,1010.25,1037.5,44,11,0,2025-04-23 12:35:35.815785+00:00,2025-04-23
6172,DIGITAL MOBILITY SOLUTIONS LANKA PLC,PKME.N0000,7,0.2824858757062147,0.2,71.0,70.8,72.0,70.1,1745398565714,03/OCT/2024,2839636.5,40273,73,23665980783.0,0.0,70.2,71.0,40273,73,0,2025-04-23 12:35:35.815785+00:00,2025-04-23
327,DILMAH CEYLON TEA COMPANY PLC,CTEA.N0000,10,2.7567195037904892,30.0,1118.25,1088.25,1126.0,1090.0,1745396747246,01/JAN/1982,157662.5,141,5,23189709375.0,0.0,1126.0,1118.25,141,5,2,2025-04-23 12:35:35.815785+00:00,2025-04-23
399,DIPPED PRODUCTS PLC,DIPD.N0000,1000,0.0,0.0,48.6,48.6,49.5,48.5,1745398724208,01/JAN/1982,22436948.9,459317,134,29092694832.0,0.0,49.0,48.6,459317,134,0,2025-04-23 12:35:35.815785+00:00,2025-04-23
68,DISTILLERIES COMPANY OF SRI LANKA PLC,DIST.N0000,35,0.0,0.0,36.0,36.0,36.5,35.9,1745398657175,10/AUG/1992,2217401.2,61512,52,165600000000.0,0.0,36.5,36.0,61512,52,3,2025-04-23 12:35:35.815785+00:00,2025-04-23
455,DOLPHIN HOTELS PLC,STAF.N0000,381,1.3303769401330376,0.6,45.7,45.1,46.0,45.0,1745398675609,01/JAN/1982,640975.1,14130,21,2890202997.8,0.0,45.0,45.7,14130,21,0,2025-04-23 12:35:35.815785+00:00,2025-04-23
26,E B CREASY & COMPANY PLC,EBCR.N0000,500,0.5555555555555556,0.2,36.2,36.0,36.5,35.2,1745398284671,01/JAN/1968,707476.9,19637,28,9178357960.0,0.0,36.0,36.2,19637,28,0,2025-04-23 12:35:35.815785+00:00,2025-04-23
5173,E M L CONSULTANTS PLC,EML.N0000,10000,0.0,0.0,3.6,3.6,3.7,3.6,1745398448660,27/SEP/2021,37717.5,10475,5,327240000.0,0.0,3.7,3.6,10475,5,5,2025-04-23 12:35:35.815785+00:00,2025-04-23
460,E - CHANNELLING PLC,ECL.N0000,2000,0.0,0.0,12.1,12.1,12.1,12.1,1745387886518,21/MAY/2002,36300.0,3000,2,1477790121.5,0.0,12.1,12.1,3000,2,2,2025-04-23 12:35:35.815785+00:00,2025-04-23
403,EAST WEST PROPERTIES PLC,EAST.N0000,60,0.0,0.0,13.5,13.5,13.7,13.5,1745383332509,01/JAN/1983,1343261.0,99486,8,1866240000.0,0.0,13.5,13.5,99486,8,0,2025-04-23 12:35:35.815785+00:00,2025-04-23
405,EASTERN MERCHANTS PLC,EMER.N0000,75,4.285714285714286,0.3,7.3,7.0,7.3,7.3,1745398455591,01/JAN/1982,3817.9,523,5,857355800.0,0.0,7.3,7.3,523,5,0,2025-04-23 12:35:35.815785+00:00,2025-04-23
348,EDEN HOTEL LANKA PLC,EDEN.N0000,400,0.0,0.0,13.5,13.5,13.6,13.4,1745398731601,13/DEC/1993,105956.5,7839,19,21384000000.0,0.0,13.6,13.5,7839,19,3,2025-04-23 12:35:35.815785+00:00,2025-04-23
115,ELPITIYA PLANTATIONS PLC,ELPL.N0000,21,0.625,0.75,120.75,120.0,121.75,120.0,1745395312396,08/DEC/2000,1018749.25,8467,59,8798621181.0,0.0,120.0,120.75,8467,59,2,2025-04-23 12:35:35.815785+00:00,2025-04-23
113,EQUITY TWO PLC,ETWO.N0000,855,0.5813953488372093,0.3,51.9,51.6,53.0,51.1,1745398448144,21/NOV/1994,1557463.3,29769,64,1608900000.0,0.0,53.0,51.9,29769,64,2,2025-04-23 12:35:35.815785+00:00,2025-04-23
5231,Ex-pack Corrugated Cartons PLC,PACK.N0000,12833,-1.4598540145985401,-0.2,13.5,13.7,13.9,13.5,1745398617280,10/NOV/2021,541992.7,40002,38,4499999995.5,0.0,13.7,13.5,40002,38,0,2025-04-23 12:35:35.815785+00:00,2025-04-23
5472,EXTERMINATORS PLC,EXT.N0000,5,-4.25531914893617,-0.2,4.5,4.7,5.0,4.4,1745398792302,30/MAR/2022,1166075.0,256525,104,237836065.5,0.0,5.0,4.5,256525,104,2,2025-04-23 12:35:35.815785+00:00,2025-04-23
528,FIRST CAPITAL HOLDINGS PLC,CFVF.N0000,1,0.0,0.0,34.2,34.2,34.8,33.9,1745398724137,22/AUG/1994,3227315.9,94116,103,13851000000.0,0.0,34.5,34.2,94116,103,2,2025-04-23 12:35:35.815785+00:00,2025-04-23
5330,First Capital Treasuries PLC,FCT.N0000,150,-0.425531914893617,-0.1,23.4,23.5,23.5,23.1,1745398680126,02/MAR/2015,532200.5,22828,60,14405040000.0,0.0,23.5,23.4,22828,60,0,2025-04-23 12:35:35.815785+00:00,2025-04-23
116,GALADARI HOTELS (LANKA) PLC,GHLL.N0000,10,-0.5952380952380952,-0.1,16.7,16.8,16.9,16.6,1745395625044,01/JAN/1970,20027.7,1198,12,8363853718.8,0.0,16.6,16.7,1198,12,1,2025-04-23 12:35:35.815785+00:00,2025-04-23
533,GALLE FACE CAPITAL PARTNERS PLC,WAPO.N0000,111,2.6607538802660753,1.2,46.3,45.1,48.0,46.2,1745395831994,21/NOV/2001,51468.3,1109,15,1337835675.7,0.0,46.5,46.3,1109,15,0,2025-04-23 12:35:35.815785+00:00,2025-04-23
466,GESTETNER OF CEYLON PLC,GEST.N0000,479,-1.1673151750972763,-1.5,127.0,128.5,127.5,127.0,1745387171348,01/JAN/1965,105460.5,830,6,337542124.0,0.0,127.5,127.0,830,6,0,2025-04-23 12:35:35.815785+00:00,2025-04-23
2091,GREENTECH ENERGY PLC,MEL.N0000,150,5.0,0.1,2.1,2.0,2.1,2.0,1745398573804,25/APR/2012,8743.3,4164,6,210000000.0,0.0,2.1,2.1,4164,6,2,2025-04-23 12:35:35.815785+00:00,2025-04-23
132,HAPUGASTENNE PLANTATIONS PLC,HAPU.N0000,5,0.0,0.0,44.9,44.9,43.1,43.1,1745395308746,25/MAR/1998,646.5,15,3,2079578926.1,0.0,43.1,44.9,15,3,3,2025-04-23 12:35:35.815785+00:00,2025-04-23
167,HARISCHANDRA MILLS PLC,HARI.N0000,1,0.0,0.0,4000.0,4000.0,4000.0,3600.0,1745397043044,01/JAN/1983,359113.0,99,11,7678400000.0,0.0,3800.0,4000.0,99,11,2,2025-04-23 12:35:35.815785+00:00,2025-04-23
340,HATTON NATIONAL BANK PLC,HNB.X0000,100,-0.09970089730807577,-0.25,250.5,250.75,254.0,250.0,1745396508913,01/JAN/1971,1643597.75,6550,38,29021106861.0,0.0,250.75,250.5,6550,38,0,2025-04-23 12:35:35.815785+00:00,2025-04-23
172,HATTON NATIONAL BANK PLC,HNB.N0000,10,0.591715976331361,1.75,297.5,295.75,299.5,295.0,1745398800571,01/JAN/1971,5281333.25,17698,86,135650621015.0,0.0,298.5,297.5,17698,86,0,2025-04-23 12:35:35.815785+00:00,2025-04-23
4058,HATTON PLANTATIONS PLC,HPL.N0000,101,0.0,0.0,28.3,28.3,28.3,27.4,1745398413342,02/FEB/2018,59731.6,2173,6,6697666789.3,0.0,28.3,28.3,2173,6,2,2025-04-23 12:35:35.815785+00:00,2025-04-23
31,HAYCARB PLC,HAYC.N0000,5,0.3821656050955414,0.3,78.8,78.5,79.0,78.2,1745396409380,01/JAN/1975,1445563.2,18400,31,23413351500.0,0.0,78.4,78.8,18400,31,0,2025-04-23 12:35:35.815785+00:00,2025-04-23
331,HAYLEYS FABRIC PLC,MGT.N0000,300,-0.7263922518159807,-0.3,41.0,41.3,41.5,40.6,1745398121261,23/APR/2003,9281054.4,226391,116,17034752816.0,0.0,41.5,41.0,226391,116,0,2025-04-23 12:35:35.815785+00:00,2025-04-23
524,HAYLEYS FIBRE PLC,HEXP.N0000,40,0.20876826722338204,0.1,48.0,47.9,48.5,47.8,1745398495363,17/MAR/1992,38583.0,805,8,1152000000.0,0.0,47.9,48.0,805,8,0,2025-04-23 12:35:35.815785+00:00,2025-04-23
214,HAYLEYS LEISURE PLC,CONN.N0000,150,2.6315789473684212,0.8,31.2,30.4,31.5,31.0,1745398719387,11/MAR/1996,1369779.0,43731,21,3369286689.6,0.0,31.0,31.2,43731,21,0,2025-04-23 12:35:35.815785+00:00,2025-04-23
175,HAYLEYS PLC,HAYL.N0000,1,0.0,0.0,130.0,130.0,133.0,130.0,1745398772571,01/JAN/1953,22355434.25,171639,98,97500000000.0,0.0,133.0,130.0,371639,99,0,2025-04-23 12:35:35.815785+00:00,2025-04-23
5431,HELA APPAREL HOLDINGS PLC,HELA.N0000,1001,0.0,0.0,3.4,3.4,3.4,3.3,1745398770339,07/FEB/2022,1912693.4,569525,86,5564939075.8,0.0,3.4,3.4,569525,86,0,2025-04-23 12:35:35.815785+00:00,2025-04-23
325,HEMAS HOLDINGS PLC,HHL.N0000,200,0.0,0.0,119.0,119.0,119.5,119.0,1745397611040,15/OCT/2003,9230798.0,77286,74,71079580600.0,0.0,119.25,119.0,77286,74,0,2025-04-23 12:35:35.815785+00:00,2025-04-23
2229,HIKKADUWA BEACH RESORT PLC,CITH.N0000,150,-3.0303030303030303,-0.1,3.2,3.3,3.3,3.2,1745388171782,17/DEC/2012,15189.9,4739,6,1736523299.2,0.0,3.3,3.2,4739,6,2,2025-04-23 12:35:35.815785+00:00,2025-04-23
5,HNB ASSURANCE PLC,HASU.N0000,1,-0.13679890560875513,-0.1,73.0,73.1,73.5,73.0,1745396984710,28/NOV/2003,908325.6,12418,21,10950000000.0,0.0,73.5,73.0,12418,21,0,2025-04-23 12:35:35.815785+00:00,2025-04-23
4680,HNB FINANCE PLC,HNBF.N0000,1000,5.2631578947368425,0.2,4.0,3.8,4.0,3.9,1745398656226,08/JAN/2020,859837.9,219093,59,6870006348.0,0.0,3.9,4.0,219093,59,2,2025-04-23 12:35:35.815785+00:00,2025-04-23
4681,HNB FINANCE PLC,HNBF.X0000,5295,0.0,0.0,3.9,3.9,3.9,3.8,1745398303759,08/JAN/2020,120278.5,30860,11,1405267500.0,0.0,3.9,3.9,30860,11,2,2025-04-23 12:35:35.815785+00:00,2025-04-23
103,HORANA PLANTATIONS PLC,HOPL.N0000,18,3.7037037037037037,1.6,44.8,43.2,45.9,42.2,1745398398006,12/FEB/1996,518923.3,11910,17,1120000000.0,0.0,43.7,44.8,11910,17,0,2025-04-23 12:35:35.815785+00:00,2025-04-23
183,HOTEL SIGIRIYA PLC,HSIG.N0000,20,2.140309155766944,1.8,85.9,84.1,87.8,84.0,1745395103533,01/JAN/1981,4728348.0,55171,43,1509864300.0,0.0,84.1,85.9,55171,43,0,2025-04-23 12:35:35.815785+00:00,2025-04-23
355,HOUSING DEVELOPMENT FINANCE CORPORATION BANK OF SL,HDFC.N0000,112,-1.7073170731707317,-0.7,40.3,41.0,40.8,40.0,1745398047944,12/NOV/2003,87230.3,2158,31,2607833956.0,0.0,40.8,40.3,2158,31,0,2025-04-23 12:35:35.815785+00:00,2025-04-23
5311,hSenid Business Solutions PLC,HBS.N0000,5923,0.8771929824561403,0.1,11.5,11.4,11.5,11.3,1745396853730,21/DEC/2021,259028.4,22620,38,3280429728.5,0.0,11.3,11.5,22620,38,0,2025-04-23 12:35:35.815785+00:00,2025-04-23
276,HUNAS HOLDINGS PLC,HUNA.N0000,825,-0.8695652173913043,-0.2,22.8,23.0,23.0,22.8,1745398675472,18/OCT/1993,68914.5,3005,6,19357884000.0,0.0,23.0,22.8,3005,6,3,2025-04-23 12:35:35.815785+00:00,2025-04-23
1786,HVA FOODS PLC,HVA.N0000,101,0.0,0.0,3.8,3.8,3.8,3.8,1745398495577,15/FEB/2011,425.6,112,4,929199514.4,0.0,3.8,3.8,112,4,2,2025-04-23 12:35:35.815785+00:00,2025-04-23
269,INDUSTRIAL ASPHALTS (CEYLON) PLC,ASPH.N0000,400,0.0,0.0,0.4,0.4,0.4,0.3,1745398458064,01/JAN/1978,37191.1,119643,15,1499764500.0,0.0,0.4,0.4,119643,15,0,2025-04-23 12:35:35.815785+00:00,2025-04-23
941,JANASHAKTHI INSURANCE PLC,JINS.N0000,80,-0.13192612137203166,-0.1,75.7,75.8,76.9,75.5,1745398341930,21/JUL/2008,12182215.1,160778,107,17148029782.1,0.0,75.8,75.7,160778,107,2,2025-04-23 12:35:35.815785+00:00,2025-04-23
5127,JAT HOLDINGS PLC,JAT.N0000,10,-1.1194029850746268,-0.3,26.5,26.8,27.1,26.3,1745398762830,12/AUG/2021,1106001.7,41842,32,13525805984.5,0.0,27.0,26.5,41842,32,3,2025-04-23 12:35:35.815785+00:00,2025-04-23
4019,JETWING SYMPHONY PLC,JETS.N0000,2259,-0.8695652173913043,-0.1,11.4,11.5,11.8,11.3,1745396560362,05/JAN/2018,1799752.0,158010,30,6864949572.6,0.0,11.5,11.4,158010,30,2,2025-04-23 12:35:35.815785+00:00,2025-04-23
297,JOHN KEELLS HOLDINGS PLC,JKH.N0000,200,1.015228426395939,0.2,19.9,19.7,20.0,19.6,1745398784644,23/OCT/1986,46730112.2,2368878,340,350730141039.7,0.0,19.6,19.9,3868878,341,0,2025-04-23 12:35:35.815785+00:00,2025-04-23
104,JOHN KEELLS HOTELS PLC,KHL.N0000,40,0.0,0.0,20.1,20.1,20.2,20.0,1745398543231,17/SEP/2004,316287.3,15792,32,29268550278.0,0.0,20.1,20.1,15792,32,2,2025-04-23 12:35:35.815785+00:00,2025-04-23
284,JOHN KEELLS PLC,JKL.N0000,10,-3.4210526315789473,-2.6,73.4,76.0,75.8,70.1,1745390395810,01/JAN/1974,11583.0,160,4,4462720000.0,0.0,70.1,73.4,160,4,2,2025-04-23 12:35:35.815785+00:00,2025-04-23
8,KAHAWATTE  PLANTATIONS  PLC,KAHA.N0000,1000,0.8403361344537815,0.2,24.0,23.8,24.3,23.5,1745398617124,02/DEC/1998,112455.0,4699,11,2385760584.0,0.0,24.3,24.0,4699,11,0,2025-04-23 12:35:35.815785+00:00,2025-04-23
5371,KAPRUKA HOLDINGS PLC,KPHL.N0000,891,-1.3157894736842106,-0.1,7.5,7.6,8.0,7.5,1745384256131,07/JAN/2022,7886.9,1047,5,1230977700.0,0.0,8.0,7.5,1047,5,0,2025-04-23 12:35:35.815785+00:00,2025-04-23
227,KEELLS FOOD PRODUCTS PLC,KFP.N0000,1,0.0,0.0,175.0,175.0,179.0,171.25,1745397103202,01/JAN/1983,3681.5,21,3,4462500000.0,0.0,179.0,175.0,21,3,2,2025-04-23 12:35:35.815785+00:00,2025-04-23
372,KEGALLE  PLANTATIONS  PLC,KGAL.N0000,45,-2.93040293040293,-4.0,132.5,136.5,136.0,130.0,1745392671641,08/JAN/1996,18271.0,138,6,3312500000.0,0.0,131.0,132.5,138,6,0,2025-04-23 12:35:35.815785+00:00,2025-04-23
279,KELANI CABLES PLC,KCAB.N0000,5,-2.5242718446601944,-13.0,502.0,515.0,502.0,501.0,1745398791934,01/JAN/1974,241213.0,481,17,10943600000.0,0.0,501.0,502.0,481,17,0,2025-04-23 12:35:35.815785+00:00,2025-04-23
82,KELANI TYRES PLC,TYRE.N0000,753,-1.8404907975460123,-1.5,80.0,81.5,81.5,80.0,1745398466054,28/JAN/1994,708105.7,8809,27,6432000000.0,0.0,81.5,80.0,8809,27,0,2025-04-23 12:35:35.815785+00:00,2025-04-23
316,KELANI VALLEY PLANTATIONS PLC,KVAL.N0000,5,-0.8547008547008547,-0.7,81.2,81.9,81.8,81.0,1745398680470,18/JAN/1996,447308.9,5515,15,5521600000.0,0.0,81.0,81.2,5515,15,0,2025-04-23 12:35:35.815785+00:00,2025-04-23
147,KOTAGALA PLANTATIONS PLC,KOTA.N0000,4214,0.0,0.0,9.0,9.0,9.2,8.9,1745398659639,12/DEC/1995,1702305.7,188643,51,3046612500.0,0.0,9.0,9.0,188643,51,0,2025-04-23 12:35:35.815785+00:00,2025-04-23
322,LB FINANCE PLC,LFIN.N0000,10,0.6500541711809318,0.6,92.9,92.3,94.0,91.7,1745398516508,30/DEC/1997,52513486.2,563361,145,51471907934.4,0.0,93.0,92.9,563361,145,0,2025-04-23 12:35:35.815785+00:00,2025-04-23
18,LANKA ALUMINIUM INDUSTRIES PLC,LALU.N0000,1,-3.4582132564841497,-1.2,33.5,34.7,35.0,33.4,1745386605597,20/APR/1987,7205.0,215,5,2295222852.5,0.0,33.4,33.5,215,5,0,2025-04-23 12:35:35.815785+00:00,2025-04-23
259,LANKA CERAMIC PLC,CERA.N0000,100,4.821428571428571,6.75,146.75,140.0,148.25,142.0,1745394126917,07/APR/1993,35375.5,242,8,880500000.0,0.0,142.0,146.75,242,8,2,2025-04-23 12:35:35.815785+00:00,2025-04-23
5251,LANKA CREDIT AND BUSINESS FINANCE PLC,LCBF.N0000,1001,0.0,0.0,2.7,2.7,2.8,2.6,1745398195263,16/NOV/2021,145447.6,53888,14,2133455706.0,0.0,2.8,2.7,53888,14,2,2025-04-23 12:35:35.815785+00:00,2025-04-23
553,LANKA IOC PLC,LIOC.N0000,5,0.0,0.0,130.0,130.0,130.75,129.5,1745398413683,22/DEC/2004,7966293.0,61277,70,69220541650.0,0.0,130.5,130.0,61277,70,0,2025-04-23 12:35:35.815785+00:00,2025-04-23
518,LANKA MILK FOODS (CWE) PLC,LMF.N0000,9159,0.44642857142857145,0.2,45.0,44.8,45.4,44.7,1745398762554,01/JAN/1983,32978255.0,732992,109,17999100000.0,0.0,45.0,45.0,732992,109,0,2025-04-23 12:35:35.815785+00:00,2025-04-23
250,LANKA REALTY INVESTMENTS PLC,ASCO.N0000,60,2.6785714285714284,0.3,11.5,11.2,11.9,11.5,1745398173445,01/JAN/1969,14157.4,1220,14,2430759922.0,0.0,11.8,11.5,1220,14,0,2025-04-23 12:35:35.815785+00:00,2025-04-23
337,LANKA TILES PLC,TILE.N0000,10,0.3875968992248062,0.2,51.8,51.6,52.0,51.1,1745398611777,01/JUN/1986,284487.6,5496,27,13740056190.0,0.0,51.7,51.8,5496,27,0,2025-04-23 12:35:35.815785+00:00,2025-04-23
443,LANKA VENTURES PLC,LVEN.N0000,101,-3.1476997578692494,-1.3,40.0,41.3,42.3,40.0,1745394260512,08/JUN/1995,93149.6,2296,14,2332997280.0,0.0,42.3,40.0,2296,14,0,2025-04-23 12:35:35.815785+00:00,2025-04-23
67,LANKA WALLTILE PLC,LWL.N0000,5,-0.2,-0.1,49.9,50.0,50.5,49.7,1745398635648,13/JUN/1994,380731.2,7639,41,13622700000.0,0.0,50.5,49.9,7639,41,0,2025-04-23 12:35:35.815785+00:00,2025-04-23
527,LANKEM CEYLON PLC,LCEY.N0000,25,2.0987654320987654,1.7,82.7,81.0,82.7,82.5,1745396195940,01/JAN/1970,574181.1,6943,4,4256631603.9,0.0,82.7,82.7,6943,4,2,2025-04-23 12:35:35.815785+00:00,2025-04-23
546,LANKEM DEVELOPMENTS PLC,LDEV.N0000,100,1.0638297872340425,0.2,19.0,18.8,19.3,18.9,1745398762978,01/JAN/1975,15459019.3,812651,189,2280000000.0,0.0,18.9,19.0,812651,189,0,2025-04-23 12:35:35.815785+00:00,2025-04-23
1724,LAUGFS GAS PLC,LGL.N0000,180,-0.3472222222222222,-0.1,28.7,28.8,28.7,28.0,1745396255633,08/DEC/2010,5446.7,190,3,9614502468.2,0.0,28.0,28.7,190,3,0,2025-04-23 12:35:35.815785+00:00,2025-04-23
1744,LAUGFS GAS PLC,LGL.X0000,1,2.6178010471204187,0.5,19.6,19.1,19.7,18.2,1745397995143,08/DEC/2010,41196.8,2101,10,1019200000.0,0.0,18.2,19.6,2101,10,0,2025-04-23 12:35:35.815785+00:00,2025-04-23
4561,LAUGFS POWER PLC,LPL.N0000,2,1.7857142857142858,0.2,11.4,11.2,11.5,10.4,1745398527121,30/OCT/2019,113876.1,9983,17,3819000980.4,0.0,10.4,11.4,9983,17,2,2025-04-23 12:35:35.815785+00:00,2025-04-23
4562,LAUGFS POWER PLC,LPL.X0000,70,0.0,0.0,8.3,8.3,8.5,8.3,1745398711356,30/OCT/2019,716.0,86,3,431600000.0,0.0,8.5,8.3,86,3,2,2025-04-23 12:35:35.815785+00:00,2025-04-23
382,LAXAPANA PLC,LITE.N0000,100,-0.9771986970684039,-0.3,30.4,30.7,31.4,30.4,1745398685492,01/JAN/1982,104738.1,3410,17,2013238145.6,0.0,30.7,30.4,3410,17,0,2025-04-23 12:35:35.815785+00:00,2025-04-23
415,LION BREWERY (CEYLON) PLC,LION.N0000,1,-4.817404817404817,-62.0,1225.0,1287.0,1265.0,1225.0,1745394844368,22/JAN/1997,6007896.0,4904,14,98000000000.0,0.0,1249.0,1225.0,4904,14,0,2025-04-23 12:35:35.815785+00:00,2025-04-23
1847,LOLC FINANCE PLC,LOFC.N0000,59894,0.0,0.0,6.0,6.0,6.1,6.0,1745398770158,07/JUL/2011,1734929.0,288693,73,198475273794.0,0.0,6.0,6.0,288693,73,3,2025-04-23 12:35:35.815785+00:00,2025-04-23
5355,LOLC GENERAL INSURANCE PLC,LGIL.N0000,90,0.0,0.0,7.3,7.3,7.4,7.2,1745398025405,31/DEC/2021,19545.9,2678,13,8760000000.0,0.0,7.4,7.3,2678,13,2,2025-04-23 12:35:35.815785+00:00,2025-04-23
410,L O L C HOLDINGS PLC,LOLC.N0000,105,0.0,0.0,580.0,580.0,590.0,579.0,1745398800483,01/JAN/1982,4193318.0,7184,55,275616000000.0,0.0,590.0,580.0,7184,55,0,2025-04-23 12:35:35.815785+00:00,2025-04-23
1665,LOTUS HYDRO POWER PLC,HPFL.N0000,500,-1.639344262295082,-0.2,12.0,12.2,12.3,11.7,1745392922978,25/NOV/2010,88165.3,7347,12,1309057344.0,0.0,12.2,12.0,7347,12,2,2025-04-23 12:35:35.815785+00:00,2025-04-23
5532,LUMINEX PLC,LUMX.N0000,4789,-6.666666666666667,-0.4,5.6,6.0,6.0,5.6,1745397584548,23/JUN/2022,296269.9,52603,37,1519000000.0,0.0,6.0,5.6,52603,37,2,2025-04-23 12:35:35.815785+00:00,2025-04-23
4038,L V L ENERGY FUND PLC,LVEF.N0000,5,0.0,0.0,5.5,5.5,5.6,5.5,1745398413312,09/JAN/2018,3274375.4,592042,84,3843035581.0,0.0,5.6,5.5,592042,84,0,2025-04-23 12:35:35.815785+00:00,2025-04-23
170,MADULSIMA  PLANTATIONS  PLC,MADU.N0000,201,0.8064516129032258,0.1,12.5,12.4,12.7,12.3,1745398535070,06/JUL/1998,3826.0,306,4,2118763712.5,0.0,12.7,12.5,306,4,3,2025-04-23 12:35:35.815785+00:00,2025-04-23
6032,MAHARAJA FOODS PLC,MFPE.N0000,3904,0.0,0.0,6.6,6.6,6.8,6.6,1745398413446,26/JUL/2024,121801.4,18384,8,825000000.0,0.0,6.6,6.6,18384,8,5,2025-04-23 12:35:35.815785+00:00,2025-04-23
4439,MAHAWELI COCONUT PLANTATIONS PLC,MCPL.N0000,3750,-2.5,-0.9,35.1,36.0,36.0,35.0,1745398687237,03/JUN/2019,245794.6,6997,13,1228363636.5,0.0,36.0,35.1,6997,13,2,2025-04-23 12:35:35.815785+00:00,2025-04-23
187,MAHAWELI REACH HOTELS PLC,MRH.N0000,50,-2.926829268292683,-0.6,19.9,20.5,20.0,19.7,1745398724522,01/JAN/1982,4940.8,248,4,936622295.3,0.0,19.9,19.9,248,4,2,2025-04-23 12:35:35.815785+00:00,2025-04-23
1595,MALWATTE VALLEY PLANTATION PLC,MAL.X0000,35,6.172839506172839,2.0,34.4,32.4,34.4,31.3,1745397650948,26/JUL/2000,8801.3,256,5,696622704.0,0.0,34.4,34.4,256,5,0,2025-04-23 12:35:35.815785+00:00,2025-04-23
439,MALWATTE VALLEY PLANTATION PLC,MAL.N0000,4,-0.6814310051107325,-0.4,58.3,58.7,58.6,55.0,1745397888718,26/JUL/2000,137114.5,2433,19,11822792897.3,0.0,55.5,58.3,2433,19,0,2025-04-23 12:35:35.815785+00:00,2025-04-23
107,MARAWILA  RESORTS  PLC,MARA.N0000,3967,1.4285714285714286,0.1,7.1,7.0,7.2,7.0,1745398656230,18/JUN/1997,5919058.0,837891,55,2498656061.9,0.0,7.1,7.1,837891,55,2,2025-04-23 12:35:35.815785+00:00,2025-04-23
388,MASKELIYA PLANTATIONS PLC,MASK.N0000,2,-0.24630541871921183,-0.2,81.0,81.2,83.5,80.8,1745398778828,05/NOV/1997,3012429.0,36958,25,4370232609.0,0.0,82.0,81.0,36958,25,2,2025-04-23 12:35:35.815785+00:00,2025-04-23
3695,MELSTACORP PLC,MELS.N0000,124,-0.7843137254901961,-1.0,126.5,127.5,128.5,126.0,1745398656809,30/DEC/2016,624859.75,4908,25,147422729608.0,0.0,128.5,126.5,4908,25,0,2025-04-23 12:35:35.815785+00:00,2025-04-23
209,MERCANTILE SHIPPING COMPANY PLC,MSL.N0000,28,0.0,0.0,180.0,180.0,172.25,172.25,1745387839827,01/JAN/1983,5684.25,33,2,512098200.0,0.0,172.25,180.0,33,2,0,2025-04-23 12:35:35.815785+00:00,2025-04-23
400,MERCHANT BANK OF SRI LANKA & FINANCE PLC,MBSL.N0000,11,-1.639344262295082,-0.1,6.0,6.1,6.2,5.9,1745397980802,04/JAN/1991,359742.5,59058,15,3147237822.0,0.0,6.1,6.0,59058,15,2,2025-04-23 12:35:35.815785+00:00,2025-04-23
3055,MILLENNIUM HOUSING DEVELOPERS PLC,MHDL.N0000,90,0.0,0.0,3.8,3.8,3.9,3.8,1745392428712,19/FEB/2014,54550.5,14355,6,511789016.0,0.0,3.9,3.8,14355,6,1,2025-04-23 12:35:35.815785+00:00,2025-04-23
384,MULLER & PHIPPS (CEYLON) PLC,MULL.N0000,2,0.0,0.0,1.2,1.2,1.2,1.2,1745388410155,01/JAN/1965,2.4,2,1,339600000.0,0.0,1.2,1.2,2,1,0,2025-04-23 12:35:35.815785+00:00,2025-04-23
5351,MYLAND DEVELOPMENTS PLC,MDL.N0000,101,-3.6144578313253013,-0.3,8.0,8.3,8.7,8.0,1745397579365,28/DEC/2021,165918.7,20643,17,290000000.0,0.0,8.3,8.0,20643,17,2,2025-04-23 12:35:35.815785+00:00,2025-04-23
291,NAMUNUKULA PLANTATIONS PLC,NAMU.N0000,1,2.235371466140697,8.5,388.75,380.25,389.0,380.25,1745398346612,10/MAR/1999,58705.25,151,4,9232812500.0,0.0,389.0,388.75,151,4,0,2025-04-23 12:35:35.815785+00:00,2025-04-23
218,NATION LANKA FINANCE PLC,CSF.N0000,4,0.0,0.0,0.2,0.2,0.2,0.1,1745397829272,13/JUN/1994,110012.8,550090,26,1399354807.0,0.0,0.2,0.2,550090,26,1,2025-04-23 12:35:35.815785+00:00,2025-04-23
77,NATIONAL DEVELOPMENT BANK PLC,NDB.N0000,1015,0.4830917874396135,0.5,104.0,103.5,105.0,103.0,1745398778505,26/APR/1993,2104695.25,20246,82,44323423664.0,0.0,104.75,104.0,20246,82,0,2025-04-23 12:35:35.815785+00:00,2025-04-23
9,NATIONS TRUST BANK PLC,NTB.N0000,1,-1.8543046357615893,-3.5,185.25,188.75,188.0,185.0,1745398601846,03/MAY/1999,3037878.75,16307,40,52984446771.75,0.0,188.0,185.25,16307,40,0,2025-04-23 12:35:35.815785+00:00,2025-04-23
230,NAWALOKA HOSPITALS PLC,NHL.N0000,1,1.8518518518518519,0.1,5.5,5.4,5.6,5.2,1745398565629,09/SEP/2004,533735.2,102086,24,7752280778.0,0.0,5.4,5.5,102086,24,0,2025-04-23 12:35:35.815785+00:00,2025-04-23
1596,ODEL PLC,ODEL.N0000,1,0.0,0.0,10.7,10.7,10.6,10.6,1745390479404,04/AUG/2010,10.6,1,1,5760558293.8,0.0,10.6,10.7,1,1,1,2025-04-23 12:35:35.815785+00:00,2025-04-23
492,ON'ALLY HOLDINGS PLC,ONAL.N0000,20,-3.4246575342465753,-1.0,28.2,29.2,29.7,27.9,1745398294509,20/OCT/1988,9685.6,344,5,2622687053.4,0.0,29.7,28.2,344,5,3,2025-04-23 12:35:35.815785+00:00,2025-04-23
3495,ORIENT FINANCE PLC,BFN.N0000,1,10.471204188481675,2.0,21.1,19.1,21.4,20.1,1745398311091,30/JUN/2011,865202.3,41186,40,4454234370.5,0.0,20.5,21.1,41186,40,3,2025-04-23 12:35:35.815785+00:00,2025-04-23
387,OVERSEAS REALTY (CEYLON) PLC,OSEA.N0000,990,0.0,0.0,23.4,23.4,23.8,23.3,1745398658535,01/JAN/1982,4096176.1,174692,99,29086892218.8,0.0,23.7,23.4,174692,99,2,2025-04-23 12:35:35.815785+00:00,2025-04-23
354,PALM GARDEN HOTELS PLC,PALM.N0000,1,0.0,0.0,65.0,65.0,70.0,70.0,1745383030565,08/MAR/1993,70.0,1,1,30935905000.0,0.0,70.0,65.0,1,1,3,2025-04-23 12:35:35.815785+00:00,2025-04-23
105,PAN ASIA BANKING CORPORATION PLC,PABC.N0000,1190,1.1560693641618498,0.4,35.0,34.6,35.0,34.6,1745398626175,05/APR/2005,1049350.9,30262,40,15489657015.0,0.0,34.7,35.0,30262,40,0,2025-04-23 12:35:35.815785+00:00,2025-04-23
1784,PANASIAN POWER PLC,PAP.N0000,1,-1.4285714285714286,-0.1,6.9,7.0,7.0,6.8,1745398579593,07/JAN/2011,2332462.8,341185,67,4312500000.0,0.0,6.9,6.9,341185,67,0,2025-04-23 12:35:35.815785+00:00,2025-04-23
487,PARAGON CEYLON PLC,PARA.N0000,20,10.840108401084011,8.0,81.8,73.8,82.0,81.5,1745396715010,01/JAN/1974,62764.4,767,10,81822904.0,0.0,82.0,81.8,767,10,3,2025-04-23 12:35:35.815785+00:00,2025-04-23
504,PEGASUS HOTELS OF CEYLON PLC,PEG.N0000,100,-3.2448377581120944,-1.1,32.8,33.9,34.0,32.5,1745398685829,01/JAN/1970,117000.0,3485,17,1384503416.0,0.0,34.0,32.8,3485,17,2,2025-04-23 12:35:35.815785+00:00,2025-04-23
3461,PEOPLE'S INSURANCE PLC,PINS.N0000,11,-0.7220216606498195,-0.2,27.5,27.7,29.0,27.3,1745398140384,12/JAN/2016,178894.0,6494,21,5599893145.0,0.0,28.5,27.5,6494,21,0,2025-04-23 12:35:35.815785+00:00,2025-04-23
1968,PEOPLE'S LEASING & FINANCE PLC,PLC.N0000,40,0.0,0.0,17.0,17.0,17.2,16.7,1745398203900,24/NOV/2011,5038448.2,299308,93,36624387750.0,0.0,17.2,17.0,299308,93,0,2025-04-23 12:35:35.815785+00:00,2025-04-23
486,PGP GLASS CEYLON PLC,GLAS.N0000,82,2.3622047244094486,0.9,39.0,38.1,39.8,38.0,1745398794870,05/SEP/1994,7104291.7,182183,62,37053357120.0,0.0,38.2,39.0,182183,62,0,2025-04-23 12:35:35.815785+00:00,2025-04-23
523,PMF FINANCE PLC,PMB.N0000,15,-2.6666666666666665,-0.2,7.3,7.5,7.6,7.3,1745394671410,11/JUL/1994,1486.4,203,3,2958702775.0,0.0,7.3,7.3,203,3,2,2025-04-23 12:35:35.815785+00:00,2025-04-23
4986,PRIME LANDS RESIDENCIES PLC,PLR.N0000,101,-1.7094017094017093,-0.2,11.5,11.7,11.9,11.5,1745397552976,08/JUN/2021,3102042.9,268599,85,10781250000.0,0.0,11.7,11.5,268599,85,2,2025-04-23 12:35:35.815785+00:00,2025-04-23
258,PRINTCARE PLC,CARE.N0000,11507,1.5544041450777202,0.9,58.8,57.9,59.0,56.8,1745397883971,02/MAY/1995,16865827.4,286624,20,5054840196.0,0.0,57.8,58.8,286624,20,0,2025-04-23 12:35:35.815785+00:00,2025-04-23
3815,R I L PROPERTY PLC,RIL.N0000,1305,0.0,0.0,15.4,15.4,15.5,15.4,1745398116274,04/MAY/2017,2031146.8,131892,34,12320000000.0,0.0,15.4,15.4,131892,34,0,2025-04-23 12:35:35.815785+00:00,2025-04-23
1561,RAIGAM WAYAMBA SALTERNS PLC,RWSL.N0000,100,2.197802197802198,0.2,9.3,9.1,9.4,9.1,1745398784407,29/APR/2010,2681845.7,292927,51,2624528076.0,0.0,9.4,9.3,292927,51,2,2025-04-23 12:35:35.815785+00:00,2025-04-23
2150,RAMBODA FALLS PLC,RFL.N0000,30,2.0689655172413794,0.6,29.6,29.0,29.7,29.4,1745398656340,18/JUN/2012,3696.0,125,4,592000000.0,0.0,29.6,29.6,125,4,2,2025-04-23 12:35:35.815785+00:00,2025-04-23
1485,RENUKA AGRI FOODS PLC,RAL.N0000,100,0.0,0.0,3.6,3.6,3.6,3.5,1745396896986,04/JAN/2010,133649.8,38030,13,2875785498.0,0.0,3.5,3.6,38030,13,0,2025-04-23 12:35:35.815785+00:00,2025-04-23
507,RENUKA FOODS PLC,COCO.N0000,300,-0.8620689655172413,-0.1,11.5,11.6,11.8,11.4,1745398314609,06/JUN/1994,63387.6,5410,12,2070061145.5,0.0,11.6,11.5,5410,12,0,2025-04-23 12:35:35.815785+00:00,2025-04-23
1521,RENUKA FOODS PLC,COCO.X0000,400,-2.803738317757009,-0.3,10.4,10.7,10.5,10.2,1745397796526,06/JUN/1994,3431869.4,336403,51,75990720.0,0.0,10.3,10.4,336403,51,0,2025-04-23 12:35:35.815785+00:00,2025-04-23
701,RENUKA HOLDINGS PLC,RHL.N0000,5,2.8735632183908044,0.5,17.9,17.4,17.9,17.5,1745395002233,10/MAR/2008,55567.5,3105,5,2962240050.9,0.0,17.8,17.9,3105,5,0,2025-04-23 12:35:35.815785+00:00,2025-04-23
1481,RENUKA HOLDINGS PLC,RHL.X0000,452,-6.896551724137931,-1.0,13.5,14.5,14.0,13.3,1745398448144,10/MAR/2008,73291.9,5393,22,326723206.5,0.0,14.0,13.5,5393,22,0,2025-04-23 12:35:35.815785+00:00,2025-04-23
3938,RENUKA HOTELS PLC,RCH.N0000,64,0.0,0.0,126.0,126.0,122.0,121.0,1745390424994,21/NOV/2017,9076.0,75,3,5077488780.0,0.0,122.0,126.0,75,3,2,2025-04-23 12:35:35.815785+00:00,2025-04-23
1446,RESUS ENERGY PLC,HPWR.N0000,429,-1.8248175182481752,-0.5,26.9,27.4,27.4,26.5,1745389766573,08/OCT/2009,273297.9,10184,14,2318371846.3,0.0,27.4,26.9,10184,14,0,2025-04-23 12:35:35.815785+00:00,2025-04-23
511,RICHARD PIERIS AND COMPANY PLC,RICH.N0000,150,0.0,0.0,25.0,25.0,25.0,24.6,1745398724512,01/JAN/1951,25332.7,1026,11,50875956875.0,0.0,24.6,25.0,1026,11,0,2025-04-23 12:35:35.815785+00:00,2025-04-23
164,RICHARD PIERIS EXPORTS PLC,REXP.N0000,4,0.0,0.0,378.0,378.0,381.5,371.5,1745397388529,11/OCT/1993,338370.5,893,9,4219895610.0,0.0,381.5,378.0,893,9,2,2025-04-23 12:35:35.815785+00:00,2025-04-23
503,ROYAL CERAMICS LANKA PLC,RCL.N0000,120,-0.8,-0.3,37.2,37.5,37.5,37.0,1745398660041,03/MAY/1994,1675056.4,45024,74,41213650848.0,0.0,37.5,37.2,45024,74,0,2025-04-23 12:35:35.815785+00:00,2025-04-23
266,SAMPATH BANK PLC,SAMP.N0000,52,0.0,0.0,110.75,110.75,111.5,110.5,1745398608710,10/JUN/1987,14909623.5,134393,306,129876609170.0,0.0,111.5,110.75,134393,306,0,2025-04-23 12:35:35.815785+00:00,2025-04-23
2147,SANASA DEVELOPMENT BANK PLC,SDB.N0000,300,-1.7543859649122806,-0.6,33.6,34.2,34.5,33.5,1745398535975,31/MAY/2012,1774992.2,52352,85,5515994198.4,0.0,34.5,33.6,52352,85,0,2025-04-23 12:35:35.815785+00:00,2025-04-23
5291,SARVODAYA DEVELOPMENT FINANCE PLC,SDF.N0000,1,0.5376344086021505,0.1,18.7,18.6,19.6,18.6,1745398333845,14/DEC/2021,17946.2,950,12,2797446172.4,0.0,19.6,18.7,950,12,0,2025-04-23 12:35:35.815785+00:00,2025-04-23
479,SATHOSA MOTORS PLC,SMOT.N0000,100,0.6654567453115547,2.75,416.0,413.25,420.0,416.0,1745397873497,08/NOV/1993,42020.0,101,2,2509986752.0,0.0,420.0,416.0,101,2,2,2025-04-23 12:35:35.815785+00:00,2025-04-23
432,SERENDIB HOTELS PLC,SHOT.X0000,90,0.0,0.0,11.7,11.7,11.9,11.9,1745398112606,01/JAN/1973,1154.3,97,2,1685317420.8,0.0,11.9,11.7,97,2,2,2025-04-23 12:35:35.815785+00:00,2025-04-23
246,SERENDIB HOTELS PLC,SHOT.N0000,100,0.0,0.0,19.5,19.5,20.4,19.1,1745396578455,01/JAN/1973,1397330.1,72865,20,5890149564.0,0.0,20.3,19.5,72865,20,2,2025-04-23 12:35:35.815785+00:00,2025-04-23
42,SEYLAN BANK PLC,SEYB.N0000,100,0.5755395683453237,0.4,69.9,69.5,70.0,69.5,1745398770242,05/JAN/1989,122395.7,1755,21,21336061896.3,0.0,70.0,69.9,1755,21,0,2025-04-23 12:35:35.815785+00:00,2025-04-23
213,SEYLAN BANK PLC,SEYB.X0000,500,-1.2048192771084338,-0.6,49.2,49.8,50.0,49.0,1745396582173,05/JAN/1989,1677875.5,34070,56,16256191581.6,0.0,50.0,49.2,34070,56,0,2025-04-23 12:35:35.815785+00:00,2025-04-23
505,SEYLAN DEVELOPMENTS PLC,CSD.N0000,2000,4.761904761904762,1.0,22.0,21.0,22.0,21.0,1745395585447,08/FEB/1995,45155.0,2055,3,3073142556.0,0.0,21.0,22.0,2055,3,0,2025-04-23 12:35:35.815785+00:00,2025-04-23
142,SIERRA CABLES PLC,SIRA.N0000,60,1.8518518518518519,0.3,16.5,16.2,16.7,16.1,1745398675534,22/NOV/2005,10516931.4,638560,118,8868955095.0,0.0,16.1,16.5,638560,118,0,2025-04-23 12:35:35.815785+00:00,2025-04-23
437,SIGIRIYA VILLAGE HOTELS PLC,SIGV.N0000,1,0.0,0.0,90.0,90.0,90.5,90.5,1745392195896,01/JAN/1980,181.0,2,2,810000000.0,0.0,90.5,90.0,2,2,0,2025-04-23 12:35:35.815785+00:00,2025-04-23
512,SINGER (SRI LANKA) PLC,SINS.N0000,100,-0.5747126436781609,-0.2,34.6,34.8,35.1,34.6,1745398506973,01/JAN/1981,3127527.1,89485,39,40399579755.2,0.0,35.0,34.6,89485,39,0,2025-04-23 12:35:35.815785+00:00,2025-04-23
1785,SINGER FINANCE LANKA PLC,SFIN.N0000,971,-1.7301038062283738,-0.5,28.4,28.9,29.3,28.1,1745398774617,17/JAN/2011,7629353.3,267410,51,5738903730.0,0.0,28.9,28.4,267410,51,0,2025-04-23 12:35:35.815785+00:00,2025-04-23
3307,SINGHE HOSPITALS PLC,SINH.N0000,100,3.5714285714285716,0.1,2.9,2.8,2.9,2.8,1745398355083,21/APR/2015,4036.6,1435,11,1250772595.5,0.0,2.8,2.9,1435,11,2,2025-04-23 12:35:35.815785+00:00,2025-04-23
185,SMB FINANCE PLC,SEMB.N0000,53000,-14.285714285714286,-0.1,0.6,0.7,0.7,0.6,1745398480498,20/DEC/1993,35347.7,58454,8,3882225028.8,0.0,0.7,0.6,58454,8,0,2025-04-23 12:35:35.815785+00:00,2025-04-23
357,SMB FINANCE PLC,SEMB.X0000,6600,0.0,0.0,0.2,0.2,0.3,0.2,1745398680988,20/DEC/1993,25282.1,115774,12,616320742.4,0.0,0.3,0.2,115774,12,0,2025-04-23 12:35:35.815785+00:00,2025-04-23
1944,SOFTLOGIC CAPITAL PLC,SCAP.N0000,3100,5.769230769230769,0.3,5.5,5.2,5.5,5.3,1745398586118,21/SEP/2011,135876.7,24861,25,5374529600.0,0.0,5.3,5.5,24861,25,2,2025-04-23 12:35:35.815785+00:00,2025-04-23
1041,SOFTLOGIC FINANCE PLC,CRL.N0000,858,0.0,0.0,5.4,5.4,5.4,5.2,1745397641284,22/JAN/2009,16643.2,3123,9,5197895231.4,0.0,5.2,5.4,3123,9,3,2025-04-23 12:35:35.815785+00:00,2025-04-23
1849,SOFTLOGIC HOLDINGS PLC,SHL.N0000,300,0.0,0.0,7.5,7.5,7.6,7.4,1745398784393,12/JUL/2011,5636607.5,751544,26,10464434842.5,0.0,7.5,7.5,751544,26,1,2025-04-23 12:35:35.815785+00:00,2025-04-23
118,SOFTLOGIC LIFE INSURANCE PLC,AAIC.N0000,5,0.0,0.0,69.8,69.8,70.5,69.7,1745398503274,24/NOV/2000,1250384.4,17886,64,22085156250.0,0.0,70.5,69.8,17886,64,2,2025-04-23 12:35:35.815785+00:00,2025-04-23
556,SRI LANKA TELECOM PLC,SLTL.N0000,56,0.3418803418803419,0.2,58.7,58.5,58.9,58.6,1745398791905,14/JAN/2003,696604.4,11830,26,105945282000.0,0.0,58.8,58.7,11830,26,1,2025-04-23 12:35:35.815785+00:00,2025-04-23
238,SUNSHINE HOLDINGS PLC,SUN.N0000,6717,0.9174311926605505,0.2,22.0,21.8,22.3,21.6,1745398800668,01/JAN/1983,139683169.6,6345544,422,43293679352.0,0.0,22.0,22.0,6345544,422,0,2025-04-23 12:35:35.815785+00:00,2025-04-23
119,SWISSTEK (CEYLON) PLC,PARQ.N0000,600,-1.0395010395010396,-0.5,47.6,48.1,48.3,47.5,1745398778291,01/JAN/1983,10839797.1,227553,99,6514536000.0,0.0,48.3,47.6,227553,99,0,2025-04-23 12:35:35.815785+00:00,2025-04-23
468,TAL LANKA HOTELS PLC,TAJ.N0000,361,-4.824561403508772,-1.1,21.7,22.8,22.8,21.4,1745396689728,01/JAN/1982,9423.0,433,11,3030133619.8,0.0,22.7,21.7,433,11,2,2025-04-23 12:35:35.815785+00:00,2025-04-23
477,TALAWAKELLE TEA ESTATES PLC,TPL.N0000,5,-0.5424954792043399,-0.75,137.5,138.25,140.25,137.5,1745397126886,11/JAN/2000,263772.25,1909,24,6531250000.0,0.0,140.25,137.5,1909,24,0,2025-04-23 12:35:35.815785+00:00,2025-04-23
482,TANGERINE BEACH HOTELS PLC,TANG.N0000,8,0.0,0.0,70.1,70.1,72.7,68.0,1745398319479,01/JAN/1983,99770.8,1441,11,1402000000.0,0.0,72.5,70.1,1441,11,0,2025-04-23 12:35:35.815785+00:00,2025-04-23
484,TEA SMALLHOLDER FACTORIES PLC,TSML.N0000,2,-1.2658227848101267,-0.5,39.0,39.5,39.0,38.9,1745392437831,01/AUG/1996,390077.8,10002,2,1170000000.0,0.0,39.0,39.0,10002,2,0,2025-04-23 12:35:35.815785+00:00,2025-04-23
1854,TEEJAY LANKA PLC,TJL.N0000,1,0.0,0.0,46.0,46.0,46.1,45.9,1745396620677,09/AUG/2011,10702273.1,232641,33,33187055948.0,0.0,46.0,46.0,232641,33,0,2025-04-23 12:35:35.815785+00:00,2025-04-23
4,TESS AGRO PLC,TESS.N0000,1750,10.0,0.1,1.1,1.0,1.1,1.0,1745395654454,31/DEC/2002,1145504.9,1145329,12,744769353.9,0.0,1.1,1.1,1145329,12,2,2025-04-23 12:35:35.815785+00:00,2025-04-23
2997,TESS AGRO PLC,TESS.X0000,3645,-12.5,-0.1,0.7,0.8,0.8,0.7,1745393644711,31/DEC/2002,9279.5,13255,4,46666666.9,0.0,0.7,0.7,13255,4,2,2025-04-23 12:35:35.815785+00:00,2025-04-23
525,THE COLOMBO FORT LAND AND BUILDING PLC,CFLB.N0000,349,0.1733102253032929,0.1,57.8,57.7,58.0,57.7,1745398341269,01/JAN/1970,646642.7,11201,18,13872000000.0,0.0,57.7,57.8,11201,18,0,2025-04-23 12:35:35.815785+00:00,2025-04-23
414,THE FORTRESS RESORTS PLC,RHTL.N0000,1,-5.514705882352941,-1.5,25.7,27.2,27.1,25.7,1745388724663,30/MAR/1999,3882.1,151,2,2849787778.8,0.0,25.7,25.7,151,2,2,2025-04-23 12:35:35.815785+00:00,2025-04-23
329,THE KANDY HOTELS COMPANY (1938) PLC,KHC.N0000,1937,-3.4482758620689653,-0.4,11.2,11.6,11.7,11.2,1745398303449,01/JAN/1970,47776.4,4247,15,8448263633.6,0.0,11.7,11.2,4247,15,3,2025-04-23 12:35:35.815785+00:00,2025-04-23
253,THE KINGSBURY PLC,SERV.N0000,15,0.8771929824561403,0.1,11.5,11.4,11.8,11.3,1745398499733,01/JAN/1982,744921.5,64843,16,5566000000.0,0.0,11.8,11.5,64843,16,0,2025-04-23 12:35:35.815785+00:00,2025-04-23
40,THE LANKA HOSPITALS CORPORATION PLC,LHCL.N0000,11,0.0,0.0,78.0,78.0,79.1,78.0,1745398333858,10/JAN/2003,142786.0,1809,11,17451109182.0,0.0,79.1,78.0,1809,11,0,2025-04-23 12:35:35.815785+00:00,2025-04-23
317,THE  LIGHTHOUSE  HOTEL  PLC,LHL.N0000,1,0.0,0.0,60.1,60.1,63.2,63.2,1745398474565,29/AUG/1997,63.2,1,1,2764600000.0,0.0,63.2,60.1,1,1,2,2025-04-23 12:35:35.815785+00:00,2025-04-23
93,THREE ACRE FARMS PLC,TAFL.N0000,5,0.0,0.0,308.25,308.25,309.0,307.25,1745398516120,20/MAR/1995,1130035.0,3668,31,7257746250.0,0.0,308.5,308.25,3668,31,0,2025-04-23 12:35:35.815785+00:00,2025-04-23
15,TOKYO CEMENT COMPANY (LANKA) PLC,TKYO.X0000,500,-0.8064516129032258,-0.5,61.5,62.0,63.3,61.0,1745398601975,01/JAN/1984,23983760.5,390175,80,9041422500.0,0.0,62.1,61.5,390175,80,0,2025-04-23 12:35:35.815785+00:00,2025-04-23
411,TOKYO CEMENT COMPANY (LANKA) PLC,TKYO.N0000,1,-0.5376344086021505,-0.4,74.0,74.4,74.4,73.9,1745396634756,01/JAN/1984,813296.7,10975,26,21758220000.0,0.0,74.4,74.0,10975,26,0,2025-04-23 12:35:35.815785+00:00,2025-04-23
499,TRANS ASIA HOTELS PLC,TRAN.N0000,1,-2.4390243902439024,-1.0,40.0,41.0,41.0,40.0,1745398565195,01/JAN/1983,24782.0,607,4,8000000000.0,0.0,41.0,40.0,607,4,3,2025-04-23 12:35:35.815785+00:00,2025-04-23
5732,UB FINANCE PLC,UBF.N0000,1001,0.0,0.0,0.7,0.7,0.7,0.6,1745397118687,14/AUG/2023,75469.8,125614,8,2224939756.9,0.0,0.7,0.7,125614,8,2,2025-04-23 12:35:35.815785+00:00,2025-04-23
561,UDAPUSSELLAWA  PLANTATIONS PLC,UDPL.N0000,50,0.186219739292365,0.25,134.5,134.25,134.75,131.0,1745398617963,04/MAY/1998,76133.5,566,7,2609145325.0,0.0,134.75,134.5,566,7,3,2025-04-23 12:35:35.815785+00:00,2025-04-23
425,UNION ASSURANCE PLC,UAL.N0000,230,-0.9345794392523364,-0.5,53.0,53.5,53.5,52.1,1745398633750,29/JUL/1988,1946201.1,36733,84,31232143160.0,0.0,53.5,53.0,36733,84,2,2025-04-23 12:35:35.815785+00:00,2025-04-23
1790,UNION BANK OF COLOMBO PLC,UBC.N0000,2449,-0.9523809523809523,-0.1,10.4,10.5,10.6,10.2,1745396188720,29/MAR/2011,267995.6,25741,20,11269006715.2,0.0,10.6,10.4,25741,20,0,2025-04-23 12:35:35.815785+00:00,2025-04-23
278,UNION CHEMICALS LANKA PLC,UCAR.N0000,1,0.0,0.0,800.0,800.0,798.75,798.75,1745396871919,01/AUG/1988,15176.25,19,4,1200000000.0,0.0,798.75,800.0,19,4,0,2025-04-23 12:35:35.815785+00:00,2025-04-23
262,UNITED MOTORS LANKA PLC,UML.N0000,1,2.7624309392265194,2.5,93.0,90.5,93.5,92.7,1745397241839,05/DEC/1989,1194708.1,12858,28,9383758218.0,0.0,92.7,93.0,12858,28,0,2025-04-23 12:35:35.815785+00:00,2025-04-23
1563,VALLIBEL FINANCE PLC,VFIN.N0000,5,2.07667731629393,1.3,63.9,62.6,64.0,62.6,1745398800962,04/MAY/2010,45090281.8,714678,201,15045472260.0,0.0,62.6,63.9,714678,201,0,2025-04-23 12:35:35.815785+00:00,2025-04-23
1848,VALLIBEL ONE PLC,VONE.N0000,565,0.15408320493066255,0.1,65.0,64.9,65.4,64.8,1745398764427,08/JUL/2011,28171508.2,433291,216,74029516860.0,0.0,65.0,65.0,433291,216,2,2025-04-23 12:35:35.815785+00:00,2025-04-23
473,VALLIBEL POWER ERATHNA PLC,VPEL.N0000,5,0.0,0.0,12.9,12.9,12.9,12.8,1745398062101,16/MAY/2006,616629.6,47874,31,9637715529.9,0.0,12.9,12.9,47874,31,0,2025-04-23 12:35:35.815785+00:00,2025-04-23
5005,VIDULLANKA PLC,VLL.X0000,2,-2.0833333333333335,-0.2,9.4,9.6,9.7,9.4,1745391079950,10/JUN/2005,345242.1,36587,12,771867605.0,0.0,9.7,9.4,36587,12,2,2025-04-23 12:35:35.815785+00:00,2025-04-23
300,VIDULLANKA PLC,VLL.N0000,714,0.746268656716418,0.1,13.5,13.4,13.8,13.5,1745395887331,10/JUN/2005,294118.0,21390,10,12758574951.0,0.0,13.5,13.5,21390,10,2,2025-04-23 12:35:35.815785+00:00,2025-04-23
1971,WASKADUWA BEACH RESORT PLC,CITW.N0000,3,5.2631578947368425,0.1,2.0,1.9,2.0,1.9,1745398675278,03/JAN/2012,501260.0,258965,23,1873367976.0,0.0,1.9,2.0,258965,23,2,2025-04-23 12:35:35.815785+00:00,2025-04-23
148,WATAWALA  PLANTATIONS  PLC,WATA.N0000,100,-0.34965034965034963,-0.1,28.5,28.6,28.7,28.0,1745398784611,01/DEC/1997,4105129.4,144712,180,28971480202.5,0.0,28.6,28.5,144712,180,0,2025-04-23 12:35:35.815785+00:00,2025-04-23
4887,WINDFORCE PLC,WIND.N0000,100,-0.4032258064516129,-0.1,24.7,24.8,25.4,24.6,1745398229467,22/APR/2021,292156.1,11797,31,33363992867.4,0.0,25.0,24.7,11797,31,0,2025-04-23 12:35:35.815785+00:00,2025-04-23
